course_id,skill_name
f9e421bc-1120-453d-b285-d65bbf6b8493,Machine Learning
08252b39-1947-4a42-b10d-c9d17c413a2a,Python
085e0518-2d75-4dd3-b8a1-18df0088ca76,JavaScript
d7131c2e-2001-465b-a6f8-9b87fccc1a7d,Machine Learning
dafc3805-7f64-45de-b569-9aef03200c4e,Machine Learning
45655d2d-fdb2-49e5-ac9d-da2629cd4d5c,Data Analysis
4cb9be7b-2444-4f64-b025-985609676569,Data Analysis
4ef03f80-1d91-4e39-9801-4004793bed1b,Cloud Computing
7ea7eded-cca0-452e-bbcb-4db69a51ec62,JavaScript
2ea2daec-fac2-44dd-b2a9-5261cb505aa3,Data Analysis
1bbcb748-bb55-4fa3-ae26-651915f87768,JavaScript
0649bcf6-ff69-423d-984f-c85b2697384d,Data Analysis
7c4f48e4-a7a0-4a3d-a20f-230b439e754c,Data Analysis
c8844f88-074a-488f-9231-d2a59f35ba40,JavaScript
996e782f-9aee-43e9-aea3-98c6ec677b25,SQL
ce31ce5c-213b-4241-83c5-9c143824c62b,Python
45e526e1-9b55-4178-8353-9b9aebeb9d98,Data Analysis
c6807bb4-81c9-44a0-ad6a-e39fb5604484,Machine Learning
1ef8aca7-898f-4586-b74a-3db6e223afc0,Cloud Computing
24caf1b8-394a-47fd-b28b-f8463b504fda,Machine Learning
7636ae1c-e961-41f3-8130-8be0fcea9a96,Data Analysis
1b552618-e57e-42d3-a3dd-e733b225574e,Data Analysis
f0b6844f-6a73-40b3-acfa-17006790eee0,Cloud Computing
195efd72-117e-494e-91fa-f1c78141bb37,Python
1259d654-86ad-4b8e-963b-ca599d8d2752,Machine Learning
3a24ec19-0292-4d3d-96af-a28a178cb5a0,Machine Learning
3cf88d20-fbad-493f-87a1-ec0234879e41,SQL
b0921979-0434-48b8-8ffb-c222f51ed666,JavaScript
b020321b-e90f-4137-95be-bdd097b027ce,SQL
dc409942-a8cf-4936-8e81-b2f02d474c4f,Cloud Computing
29476f54-973e-429c-b5f0-b1be7aa1219a,Data Analysis
6dd49c96-6744-4b9e-aded-cba5a22c3d4f,Machine Learning
b43c6fef-2fb7-49bd-9fe9-27502d28a2a8,SQL
426b2236-e4a0-4521-ab6d-d0aa36cf9429,Cloud Computing
183f36db-54be-47e0-b566-639489a8c57d,JavaScript
8373edf3-dec9-4438-884f-f1a7af481fc0,Data Analysis
41a64fed-a7ed-48d8-b13f-8f8cec8be537,JavaScript
75175f39-7354-44fb-a44a-0371c5ab4e57,JavaScript
16daa8f5-be8e-466f-b4d0-91d15c02f1da,Machine Learning
3618187c-37e2-4c86-a54f-da3118d3ab67,SQL
d0290d6b-ebe5-4cc4-88d5-7cf77a4c38ef,Machine Learning
974232a6-28a7-4260-83a8-007e1b5d3449,JavaScript
44c1f1b5-ebbb-4763-b9a7-e63bbee975da,JavaScript
2f1dc121-7d02-4c6d-8bea-75c1b86677aa,Cloud Computing
02ac1c61-c9ea-45b9-ab59-97f2c447ee3f,Cloud Computing
34ec5264-ad7d-4f81-b9a0-f145a5bab050,Cloud Computing
e2fb8d66-a892-4ad4-887f-e19cf7ba19f9,SQL
0f037337-b9f6-443b-b238-305621ec4754,SQL
de3b5a64-e958-4430-921c-f64348c08457,Cloud Computing
7a70425b-7989-478e-a9fe-494e304c7b39,Cloud Computing
62794a6e-61f1-4c98-9cde-adc804d340e8,JavaScript
7f3ef59b-1638-4137-a9f3-5b2d4580dac2,JavaScript
7d169638-658a-4377-bda8-b37a1e69d7ef,Machine Learning
cc76864a-b618-41c5-a830-257dcf8b4eb2,SQL
d653d4bb-4bfc-40ca-b161-3babd0ef1299,Python
3c32f2ee-2437-4380-8a10-ff5a9b99f012,SQL
f7fe604f-65f3-4779-b6ee-5cdb2d79a2d1,JavaScript
c9c01379-829c-44f7-8f5b-c40c5f321f6d,JavaScript
ef0ec9cb-756a-4e2d-a581-18d126879443,Machine Learning
a7954d2b-9296-41b0-8d59-79bf9ef63a80,Machine Learning
d61a080a-3fec-4a37-95be-a8dc33e88249,Python
b9c6b26b-6401-418d-8078-bc3e50814407,Machine Learning
cd9b79fd-a04c-47f6-abb4-71577ec469d8,Data Analysis
a159bef3-5cf9-4400-853f-777f51c46d6e,Cloud Computing
29debccc-429e-49bd-b862-246c092e44b7,Python
7b189d5d-9b24-4a55-8fe8-8b776009a05a,Cloud Computing
8d7dd772-608e-4f5c-a117-727067c0518b,Machine Learning
17db4c2f-1e15-4e2f-809c-2ebe80da2ed7,Data Analysis
32b9c542-d143-40a2-9513-b74f4ffc1c54,Data Analysis
4bb88157-07f6-408e-8426-fe7b060476dd,Python
2bacf712-d6a9-49e8-86d8-95e5219b606d,SQL
287e4086-a854-427e-9667-3e4981338bdc,JavaScript
c2d6f712-e152-4522-81af-d792a08ba0ef,SQL
fb07ee93-0a37-41ab-8be3-534ae1ad640c,Machine Learning
66d29752-5097-4843-969b-111f15b4066e,Cloud Computing
4ab6821c-0328-4136-a29e-f3d8dd1ca267,JavaScript
d3520a91-4873-4252-b7a2-a1800a7be6e7,Data Analysis
d1263905-de99-4ecd-a0f3-547030104525,JavaScript
504fde7c-746e-49a8-9817-dac57fb8b6c6,Python
23d13c7f-1161-4b5e-ad4c-8325105a4d40,JavaScript
484204d5-2bb9-4661-9884-23547613ef44,JavaScript
e06a46b2-bd93-483f-917b-d6cc2195e073,JavaScript
bb44badc-ea98-4ef8-90d7-5e373bf2025f,JavaScript
34ecb64f-7eca-4b2d-b41f-ab4ab6caf840,JavaScript
59225b53-a6ef-4273-af77-4027e656cfbc,Data Analysis
4e385d03-a0d8-4651-b338-22d16691c664,Machine Learning
5bed83be-136d-4cce-a535-f9d743fffdea,Cloud Computing
02ac1c61-c9ea-45b9-ab59-97f2c447ee3f,Machine Learning
42791490-5105-44f9-9909-49aa9bdd3d7a,Cloud Computing
6334db06-52ac-4e30-91c8-10ef802643c4,Python
44f4d74f-c629-4ca6-ad07-67746bc5bcd4,Data Analysis
97c75839-1dd2-4b24-8420-c72d8fb8b736,SQL
86c5547c-051a-4039-b803-dcee9a069295,Python
c8ebe27a-23a4-470e-9dbc-15c02a7dc57c,Data Analysis
d73418fe-2b84-4ef3-986d-655d4cd99164,JavaScript
634d7549-9d9a-40e1-81ef-688b7fc0922e,Python
2ab8c610-e7e3-49b8-918d-a4887d5704df,SQL
bb88854e-7f96-4d71-8182-70d2c3101e2e,Machine Learning
87f255d6-e7ba-46ac-ab7a-3d1c0cfef683,JavaScript
80469354-f822-48a7-9306-e664c5857b6b,Machine Learning
09912f46-4ce6-428b-a46a-cc9a98611260,SQL
5ef361c2-abd7-43f1-a50a-d9aafa3f012e,Machine Learning
4b1fa028-6cf6-4879-9279-60a4897e2ce5,Data Analysis
8373edf3-dec9-4438-884f-f1a7af481fc0,Python
3d201440-00cf-444d-9b7d-b566478b640b,SQL
26cfbf51-4435-4e6f-a3f6-bf77aa239ba2,SQL
1b3f0866-d590-42df-8470-f4aeaeadd1dc,Data Analysis
a5db8ca3-5630-4021-95af-b78379ba19db,Machine Learning
92e33940-a32c-4e99-bd26-a41b221a7c4e,Cloud Computing
a82a1132-85eb-4279-a51c-21fdefda849e,SQL
f545dfb3-08a4-4ee1-a3b2-f9852ad0d57e,SQL
cc96bf43-9850-4072-bf44-cbca1d3ae131,Cloud Computing
fbf676af-7537-485e-93cd-c93fb84fe81c,Python
6d820335-f3de-49dc-869c-558b496d036a,Machine Learning
15c7bc83-4336-4fe5-a631-66a78c53b74c,Machine Learning
02ed73ce-92a8-4713-b90e-d44b951c25d5,Python
29d4056e-10f4-45e5-bdb3-e9a900252855,Machine Learning
0e28a088-6771-4c17-b0a3-0219c3210788,JavaScript
7fb9ae49-0222-4c10-b82f-2dc31c35730b,Machine Learning
3efa528c-34b6-49da-87a9-efafb92ab1b7,Machine Learning
584cb0f7-48de-48be-831e-ef965f71dcc4,SQL
702ba49f-18fd-42b9-b9e5-c9aa592a3549,SQL
6319629b-d73e-4bb9-8f9c-a17b8db8dadf,Python
4d8b876a-0b44-46b2-8ab9-694f38617ce9,Machine Learning
017f319f-0496-4795-88cc-ddbc6f0d7229,JavaScript
be32fa85-05d0-423a-9ecb-b693f3ac2f5e,Python
d1263905-de99-4ecd-a0f3-547030104525,Data Analysis
9b5c4b58-9c42-4665-bf3c-03a6357544ee,JavaScript
2775957e-3ea6-4a65-b960-df1f17152d76,Python
8f31bf2e-a4d7-4f64-9fb0-26cca5292f56,Data Analysis
70d18e9e-e435-4335-ad4b-2c1392f0ae83,SQL
f2d78d53-8870-4ae7-8ead-da9a115c42cd,Data Analysis
4bb88157-07f6-408e-8426-fe7b060476dd,Cloud Computing
e28070d1-40d1-4c31-9a26-a06516214bd0,Python
9ace63cc-d89c-43f6-8098-580d22538040,Python
9b5c4b58-9c42-4665-bf3c-03a6357544ee,Machine Learning
a2dd22d5-2afa-4b7b-91cb-f9e5fb7d3ba1,Machine Learning
20168e6d-4eb3-4f63-ba00-c83eb023dbc3,Machine Learning
e8c0563d-258a-4c6b-b205-da82a9f3531b,Machine Learning
129543a4-fcc3-4cc7-bd67-eb3e836d2c1f,Python
4d8b876a-0b44-46b2-8ab9-694f38617ce9,JavaScript
0722ab3c-18c3-4aa9-a013-5044a041301d,Python
ab09ec62-8e46-4d8b-b555-d6ee40571cf3,SQL
7d169638-658a-4377-bda8-b37a1e69d7ef,Cloud Computing
e8c0563d-258a-4c6b-b205-da82a9f3531b,Cloud Computing
ba4e832f-e582-4ba2-b285-9a734083dcf3,JavaScript
46340607-f260-43ed-82de-c88fdb6f3ad4,Machine Learning
6fa22f92-90c9-4f00-bb01-1fdd94c0b9e0,JavaScript
7702beba-0623-4fbf-9e42-d2b800679b62,Cloud Computing
dc409942-a8cf-4936-8e81-b2f02d474c4f,Python
6d658f44-6928-4f38-a469-db2c1e8343bf,Machine Learning
75175f39-7354-44fb-a44a-0371c5ab4e57,Cloud Computing
a565cd41-28d1-41db-894b-cc99642830f3,Machine Learning
041b4c79-c014-4804-b2de-30977cba8dea,JavaScript
6ef22516-df42-4a29-a747-520fe3157b34,JavaScript
708df094-2f64-472f-96e1-a522b2b8d698,Machine Learning
34f43404-8ff5-4701-8222-6c16e3de4ec0,SQL
6efe2368-84c4-4de1-be5d-a21a9b81b898,Python
751a5b9a-f99f-4c06-ba24-de171836a027,Cloud Computing
a65741db-61bc-4c56-82bb-8f6341458abc,Cloud Computing
64953d5f-0cb4-4891-988d-f23b3ccff6eb,Python
9e204ac7-3c48-4936-8305-4a31f9e38905,Python
243113fd-8e19-4d07-9ff0-b9bf8db3c2c1,JavaScript
a5d83148-0deb-483b-b6ba-45725c667438,Data Analysis
0649bcf6-ff69-423d-984f-c85b2697384d,Data Analysis
2ca26887-bb21-48c4-a318-8a65496fe308,Cloud Computing
857f2f3e-61a9-4fb1-9f69-a5609baa0785,SQL
0a2d36a6-0580-4493-b664-6199ed25459e,Data Analysis
b9163357-4b1b-4f3b-a217-a6df21939b93,Machine Learning
38491ecc-8891-47fd-a804-d0ac795741bb,Python
108d692f-6fa9-457c-974f-e6687f441add,Python
33f7d722-e517-48b2-b832-dfc1350b0860,Data Analysis
45d3708a-c89f-484f-a568-221b8fd73af9,Python
fa9f4841-e156-4c60-9205-e9cc275759a0,Python
10a5b073-b180-4803-9902-5a2ce3dc8702,JavaScript
d0290d6b-ebe5-4cc4-88d5-7cf77a4c38ef,SQL
1a2bd69c-450f-49ee-82e7-9a985c238d8d,Python
59fe3d53-624f-4a4b-bae1-e13796ee50e5,JavaScript
ccea5031-844e-450b-a684-390c923b7820,Machine Learning
a5e65ec4-6a36-4425-ba41-dd2ecab21438,SQL
28b2bf21-4d47-4ed6-a666-3769e1d46f82,Cloud Computing
f7bce0ef-72c1-468e-9390-6193490ce315,Machine Learning
9e204ac7-3c48-4936-8305-4a31f9e38905,JavaScript
db029414-48e2-4a53-8954-105b89485754,Python
159e9c9f-b382-41ae-bfec-c4eb3ab742a1,Data Analysis
e5c345fc-f395-4213-b9ee-f2c0aa7a907d,Cloud Computing
4878383a-e037-4953-ad2d-7cb9a452b559,SQL
e5c345fc-f395-4213-b9ee-f2c0aa7a907d,Data Analysis
1a8709bd-1fc2-4099-8994-96ab6db7fa7e,Machine Learning
3ff69f41-9508-4801-a3be-7ca05df924fb,Machine Learning
fc00f3e7-4c91-4f0e-a44d-852cba3696cc,Python
49d2cac0-2dc6-4c90-a5df-c7af6403c4bc,SQL
6d283989-1271-4873-a4bd-e1a811c7bec9,Machine Learning
be8b15f3-b7e1-49a2-a4cc-7a90d0b66c10,SQL
d0284602-6066-4e51-b76d-71261fda98c9,JavaScript
3a4fece7-537d-46c6-9c31-aaf3c76aec88,Machine Learning
7d14190d-3fc4-44d0-91d5-0a53d035dd19,Python
6d820335-f3de-49dc-869c-558b496d036a,Python
0a333eef-481e-47f3-b6fa-b8280c6d5a71,JavaScript
90b84f94-b062-459e-924a-16520958b354,SQL
b9163357-4b1b-4f3b-a217-a6df21939b93,Machine Learning
f06dca24-7bc6-4121-bb64-a525bc653d94,Cloud Computing
6d130705-279f-41ab-9b49-09b65cbdb682,Python
484204d5-2bb9-4661-9884-23547613ef44,JavaScript
7886f504-ed75-4b74-b7d0-c829dcf9b680,Cloud Computing
6538bf11-e676-4b0a-bb9a-3daf6321d753,SQL
3d201440-00cf-444d-9b7d-b566478b640b,JavaScript
4795cd1d-668d-4c8b-9ab5-1d555d75c03c,Cloud Computing
b33d9c7c-4e73-4dcc-8664-82ee6844a0e3,Python
0649bcf6-ff69-423d-984f-c85b2697384d,JavaScript
d23525df-fbf8-41fe-b232-be7201d3a033,JavaScript
d73aae7b-47cc-4a66-a638-d8bef83893a2,SQL
02ed73ce-92a8-4713-b90e-d44b951c25d5,JavaScript
8d5a9549-34f3-4b8e-9891-e25c2418c7fd,JavaScript
fed50d6b-bf64-44b6-aee5-b33e2dd34f8e,SQL
b5a4c55b-b462-4214-a23f-f67de9572bc2,JavaScript
974232a6-28a7-4260-83a8-007e1b5d3449,Machine Learning
063fec11-446c-40d6-8d4c-01b333e40ea9,Data Analysis
7d76ab58-b271-415b-8af0-9ec34b726a7c,Python
7f5f61aa-aee7-47a5-8629-6fbe309b48dd,Data Analysis
4a454398-0993-46ff-9a1e-72b2de6a7c6e,JavaScript
5b24bb54-f9ad-47ae-8ea7-61a69c5dfb8d,JavaScript
5aeb5055-7d69-4580-97a8-510843b93b02,SQL
d3a71b83-97d0-4f8f-affd-d43b2c691f04,Cloud Computing
352b6ec8-e90d-41cb-bf11-1a368c52d271,SQL
3d201440-00cf-444d-9b7d-b566478b640b,Cloud Computing
23226464-ad6d-44ef-94d9-a0ae055fd8d1,Data Analysis
9347f486-2a44-4a88-97f8-5f5bf1e2cce7,JavaScript
e8273dee-9d7e-4eb7-a3fd-6adec17fcf19,Machine Learning
5346405c-f60c-4dd3-9d4e-42f20f14f86c,Data Analysis
2fb9950b-a190-4a44-a888-7521845c10ea,Machine Learning
64e94d6a-858c-4992-882c-4812b3c3c428,Python
0c2ca7fa-e525-4eaf-91e1-17993f39562d,Cloud Computing
cfd42949-e33e-4976-9862-5813b28d7506,Cloud Computing
3768d6aa-fd34-421e-bb59-475ec88a9a74,SQL
d9beccff-33a3-45f3-82bd-eabe706078eb,Machine Learning
2fb9950b-a190-4a44-a888-7521845c10ea,Python
7c45d65d-b517-48ef-9b21-3e3143c2181f,Python
fdb09520-b2f8-41eb-b54c-e51153133ea1,SQL
484204d5-2bb9-4661-9884-23547613ef44,Machine Learning
d2deb47d-4455-460e-a995-8fd1d8914adf,Machine Learning
e6508af4-d925-4a4b-ac07-98c7d6578ecb,Cloud Computing
cfc3845b-1464-4da8-9bf7-fa26e9b89caf,Cloud Computing
fa9f4841-e156-4c60-9205-e9cc275759a0,SQL
7a57772b-3c1a-4ce2-95ec-ec2c07983bc0,SQL
f545dfb3-08a4-4ee1-a3b2-f9852ad0d57e,JavaScript
7031e2cd-1687-419b-8fd4-82783332d3ab,Machine Learning
7b2413e8-005f-4765-975f-310891653dbc,Python
0041f5d4-9549-4631-b94c-eef2f833dfa7,JavaScript
d37a430a-2f2a-45e8-a67a-e277348f9ce0,Python
062e5424-2e44-4349-9122-5311374e5dff,Machine Learning
d743b5a8-9e15-4bcc-a6d1-37f60659010a,SQL
59225b53-a6ef-4273-af77-4027e656cfbc,Data Analysis
ef303fd0-78d3-4a66-834a-7e17eeced5b3,Python
b2cc4372-6532-43ae-96f7-91ac4cf6a297,JavaScript
b1d81887-4739-4c7b-bff3-0c8d83ff3e96,Data Analysis
7a57772b-3c1a-4ce2-95ec-ec2c07983bc0,Cloud Computing
e65dd443-5508-4167-aff5-cdab2aa946d4,JavaScript
a3e2ac17-5450-461f-90e2-b6766822d128,Data Analysis
cf3ee4aa-594f-4d27-9dcd-0d40d6415102,Python
a38bbaa4-4fe8-48d8-822c-a6a893daf60d,SQL
3aeceaf8-5a00-40f2-84d1-6f5e71cb19b3,Machine Learning
47d1931c-f9f2-49ab-bd77-71f8a948ec66,Data Analysis
e28070d1-40d1-4c31-9a26-a06516214bd0,Machine Learning
9ea8fcb1-4732-48c9-8c1e-9464e1d5c0dc,Cloud Computing
484204d5-2bb9-4661-9884-23547613ef44,SQL
48e636b5-740d-49d6-9b46-5e04b4cfdcd7,SQL
a8ac1ab1-afa9-402c-9e4c-4be773b0e73d,SQL
063fec11-446c-40d6-8d4c-01b333e40ea9,JavaScript
9a178669-888e-48e7-86b6-a5f419d45a55,SQL
a76c11cb-66f2-4d1d-83d6-af3f2c727675,Data Analysis
7d76ab58-b271-415b-8af0-9ec34b726a7c,SQL
75a72686-d632-4d31-88ac-ffcfa04d4d14,Data Analysis
d9beccff-33a3-45f3-82bd-eabe706078eb,SQL
cfc3845b-1464-4da8-9bf7-fa26e9b89caf,Data Analysis
11740357-8546-4426-af12-0b9ef4fd25b7,JavaScript
a091e5b4-d293-4e6e-bf4d-093033b0fb53,Machine Learning
ab196705-764f-4842-b955-3aadb5e0bcbf,Machine Learning
ca978f1d-6f33-4c5e-8392-3cfa5d9f2c8c,JavaScript
302dc72b-1366-4d76-82fc-93d9b3ef29d7,Python
946f9f07-8673-473a-a5b5-8f3084868583,JavaScript
57c850b0-9a73-4d2f-8f05-495e7832b59c,Cloud Computing
4fe54745-5827-4e80-a082-1918b18ad67d,JavaScript
9adfe981-6ab1-4e15-ba92-992e44f8b53c,JavaScript
3625fc20-47e3-41c2-a4ba-e8bf83b8fa05,Machine Learning
7c45d65d-b517-48ef-9b21-3e3143c2181f,Python
5d4f7107-911d-4c79-90c8-042027035b27,Cloud Computing
a67155cd-76e9-4fdc-87e4-b3f364ad2b39,Cloud Computing
29b67b14-354e-45ec-9a33-562c054046cc,Machine Learning
cc96bf43-9850-4072-bf44-cbca1d3ae131,Python
3c32f2ee-2437-4380-8a10-ff5a9b99f012,Cloud Computing
8f31bf2e-a4d7-4f64-9fb0-26cca5292f56,Cloud Computing
9fe7e068-d847-460b-8331-d7115de22a7d,SQL
b139c476-de3c-488b-a6b9-d31a361f6d90,Python
9be950c7-147d-4bfc-9eef-0d1e38c5ef5e,Machine Learning
ca978f1d-6f33-4c5e-8392-3cfa5d9f2c8c,JavaScript
c1fb0bf5-3e8a-4072-8f49-2a2740898b7c,Cloud Computing
2faabe0b-b7f6-4cdf-81dc-1c60a5f60735,SQL
b0309415-ef21-4b2c-8143-d636fd54225b,SQL
2648c819-bd11-46ee-b58a-b7c7cccf4130,Machine Learning
4151344e-ee98-46b7-8677-098c144a1458,SQL
af178dbb-c461-4ac1-92b5-9aa4c07d0001,JavaScript
cbb474a3-3763-4604-be04-8d5ad12b32e6,Cloud Computing
70d18e9e-e435-4335-ad4b-2c1392f0ae83,Cloud Computing
ce920136-ac3a-412f-b65e-6cb58f0d5540,Machine Learning
ecfdceed-188c-49b2-88ab-bf0d209ebc46,Python
64caa1c7-58e7-4df8-80a2-372108560684,Data Analysis
df3c5c8a-6510-46d6-8761-0e8384d99451,Python
f21f9823-f23b-4efb-8bd1-8d4a4cf41edd,Machine Learning
28b2bf21-4d47-4ed6-a666-3769e1d46f82,JavaScript
7bdac670-ca4c-4b4d-bc8a-de6a9051385e,Machine Learning
4cdaebf4-98f9-4fb4-b2a4-3bf402b49d26,Machine Learning
1521e825-1177-4dd5-b61b-7e117c192e61,JavaScript
a67155cd-76e9-4fdc-87e4-b3f364ad2b39,Machine Learning
1259d654-86ad-4b8e-963b-ca599d8d2752,SQL
09bc6a80-3a88-4bed-9c85-25101bfdf626,Machine Learning
5f187c02-1e24-4a97-a73e-f6f485d4bf0f,SQL
24877651-fdb7-4107-81e7-cde733a2ca5f,Machine Learning
d0284602-6066-4e51-b76d-71261fda98c9,Python
7886f504-ed75-4b74-b7d0-c829dcf9b680,Machine Learning
4b1fa028-6cf6-4879-9279-60a4897e2ce5,Machine Learning
cad04982-ceb2-4a32-b189-727f6a8d8a70,Cloud Computing
9e2383d0-7491-4c14-a30b-669c1c405045,SQL
dca1adcc-9cdf-4664-9c91-f845534fc96d,JavaScript
ca978f1d-6f33-4c5e-8392-3cfa5d9f2c8c,JavaScript
e5a1c6e4-e188-4146-bc40-a3d4e5eb4549,Python
665c9da5-be16-4640-a9a3-1ab65ced1a62,Python
505ec9d6-4c32-40a2-b452-2738e07309de,Cloud Computing
c017466e-85f4-40a2-8be2-7516342c5348,Machine Learning
e28070d1-40d1-4c31-9a26-a06516214bd0,JavaScript
07fc584e-a1b2-4627-81d6-7019d97e8d3c,Cloud Computing
c4f4b844-46c1-42a5-bec8-8839ec35c3de,JavaScript
3068ffdd-965a-4d0f-9db4-02f1c3595dc2,SQL
1b435fdc-41f4-4834-9cf5-d1fccd3a7e73,Cloud Computing
e0decc3d-e172-4c83-af5e-4376a723fb72,Cloud Computing
9dc0a8b5-5987-438a-bcd6-c18e2b54500d,Cloud Computing
b139c476-de3c-488b-a6b9-d31a361f6d90,Data Analysis
df3c5c8a-6510-46d6-8761-0e8384d99451,Python
8c466308-3e62-4981-9ef1-a74f3d134526,Machine Learning
f3981e9e-7cb8-42a0-94a1-eab0b9c037aa,Python
c964f746-dbd1-45a3-b716-307d75a09875,Data Analysis
96b93974-f587-43c5-999a-e3daaae39bc0,Cloud Computing
b0e8b2fa-4fc3-4759-9924-48ee7ac1b4f9,Machine Learning
2775957e-3ea6-4a65-b960-df1f17152d76,Cloud Computing
8135f15a-9343-46ea-985a-9548c0ba22a4,Data Analysis
8de58a88-6a93-416a-a2bc-a1044001570a,SQL
0bbf6334-e3ea-4d7f-8219-a845d9eb404c,JavaScript
2d9be542-9bc8-4ea5-a2b5-e74d38c0f0c3,SQL
03d301cf-19a1-4723-a87d-ff8e2b741898,JavaScript
ccd7608f-3adc-438c-b380-46efad4a2b3c,Cloud Computing
0c1b7e93-be16-4e89-9934-7309b72f8d06,Machine Learning
07fc584e-a1b2-4627-81d6-7019d97e8d3c,Cloud Computing
deeff82a-0dd7-4158-a9c1-65ae4c610ae8,JavaScript
9dc0a8b5-5987-438a-bcd6-c18e2b54500d,Python
1976a39a-507a-41a9-9d8f-eee1e12c6678,Machine Learning
772d416d-da05-42fc-9c71-a82122f1c32b,Cloud Computing
77f4d7f9-5105-48a9-a94a-48b326932d95,JavaScript
d3293724-6dfd-471a-b7d7-465d37c3b3c9,SQL
302dc72b-1366-4d76-82fc-93d9b3ef29d7,JavaScript
9e6ea7d7-076f-4b07-a2ec-377a305a1bef,JavaScript
0c39bd0e-b25d-4530-b12a-b8eb3756b005,JavaScript
68599dc4-e8c5-43b0-86c5-50543eb4a527,Python
2ab8c610-e7e3-49b8-918d-a4887d5704df,SQL
176519e7-3332-432b-bd10-fa95e8a44238,SQL
9fe7e068-d847-460b-8331-d7115de22a7d,Data Analysis
77215daa-5d97-4cdc-a209-56a81c684db0,Python
fb4f1972-5115-47ee-bb90-908e7ce34563,Cloud Computing
bf95ff33-cdea-4f52-b7d7-cab335b33f54,Python
df5864d5-1165-4b1e-9b9f-acdeb409b855,Data Analysis
d98eb024-c813-4025-8dac-d33c7a438217,Cloud Computing
577c9717-836a-4887-8a5a-269817cb67b8,Machine Learning
0c39bd0e-b25d-4530-b12a-b8eb3756b005,Data Analysis
7a768555-a987-4218-bf84-faef5336723b,Cloud Computing
ad92abbf-65c5-4c9a-90ae-2dfc37296854,Cloud Computing
33f7d722-e517-48b2-b832-dfc1350b0860,Python
716728ee-f175-4208-ae29-23866e896265,Machine Learning
682904ca-febf-4c56-9826-c4966ebb7a17,Data Analysis
f21f9823-f23b-4efb-8bd1-8d4a4cf41edd,Python
1cab87e2-823c-494a-815a-53c17a5cd426,JavaScript
a575c5c7-6f2b-437e-a0fe-f51e0684e438,Machine Learning
17db4c2f-1e15-4e2f-809c-2ebe80da2ed7,Machine Learning
29aaaa7e-483e-46a1-bd51-d528072e35dd,Machine Learning
0ad33361-7c22-4735-8a95-7c2e65df39cb,Data Analysis
73d79809-cf6d-4802-b900-4406b1e58a88,Machine Learning
80dc4cf9-71b0-41fa-a22e-b45b1986133d,SQL
e65dd443-5508-4167-aff5-cdab2aa946d4,Machine Learning
29476f54-973e-429c-b5f0-b1be7aa1219a,SQL
fa9f4841-e156-4c60-9205-e9cc275759a0,Machine Learning
75f53328-4986-4a4a-8025-93ed22ca9f04,Python
062e5424-2e44-4349-9122-5311374e5dff,Python
7f4423d5-49a1-47a1-8571-32539956ad9b,SQL
92e33940-a32c-4e99-bd26-a41b221a7c4e,Machine Learning
2d8cc973-43c1-436c-9013-b7a3f4a29332,Python
565bb785-b8f9-45fc-a959-8983785e02ee,Cloud Computing
cfcae6b9-75a8-41d7-ab5e-ebe91478e20e,Machine Learning
b0309415-ef21-4b2c-8143-d636fd54225b,SQL
40f7924b-7bd7-44bf-8e0e-abb78f20c5e7,SQL
fdc56285-8f50-411f-bc42-049476d32b96,SQL
ca4a40bc-4121-41a3-8818-b004b0a4f557,SQL
40f7924b-7bd7-44bf-8e0e-abb78f20c5e7,Machine Learning
6142894a-1899-498d-9b5c-fadf9063bf18,SQL
35b86d0a-864f-46dd-a9ec-09d586eced99,Python
2c3aacdc-aed5-4a46-8bde-005b5d8babd7,Machine Learning
38491ecc-8891-47fd-a804-d0ac795741bb,Python
041b4c79-c014-4804-b2de-30977cba8dea,Data Analysis
db029414-48e2-4a53-8954-105b89485754,Python
13a0181b-cbaf-4542-98e9-bbad35b1773c,Machine Learning
e4729be5-f3c2-444a-b60a-3dcca7f77451,Cloud Computing
996e782f-9aee-43e9-aea3-98c6ec677b25,Data Analysis
62f32fae-a63f-4f12-a226-a768de0e9c53,Python
570e5af5-f5ff-4705-9a74-a05688dd44cc,Python
3d4caf01-2431-41eb-9d9e-17173f086a9e,Data Analysis
fed50d6b-bf64-44b6-aee5-b33e2dd34f8e,Machine Learning
62f32fae-a63f-4f12-a226-a768de0e9c53,JavaScript
0bfa8cd5-7fa7-4708-be72-79cecd7f65f6,Cloud Computing
d7131c2e-2001-465b-a6f8-9b87fccc1a7d,Cloud Computing
4ab3c590-f262-4145-a731-660c6149ee42,Cloud Computing
1b552618-e57e-42d3-a3dd-e733b225574e,Data Analysis
8e6b2439-6a1e-4d9a-b05f-052bd682a0b4,SQL
df5864d5-1165-4b1e-9b9f-acdeb409b855,SQL
23e57b50-27df-46e0-84c4-69b120c13845,SQL
1a9b0d42-154f-437d-befa-c198c3d6cd54,SQL
48f9fd0d-5d3b-41d3-a515-99820dd4c0e6,SQL
a2bc491e-c1cd-49a4-9738-b27785764472,SQL
6efe2368-84c4-4de1-be5d-a21a9b81b898,JavaScript
f85b6d0a-54b5-4635-bdab-161452150ed8,Machine Learning
2ca26887-bb21-48c4-a318-8a65496fe308,Cloud Computing
8cf6e8b8-7fd2-48c3-bee8-2983d5574241,Python
ecd5afa3-f01a-4097-9ed0-fe5fb3bc5791,Data Analysis
784983ff-97ca-4ef5-b8a4-c19ff105c2d8,Cloud Computing
e1568ad3-f525-4556-bb98-abdf71ec02ad,SQL
812faa38-96f6-4c09-859c-1ba0bbec721d,SQL
01c9a464-87d2-4e31-bda3-25e2bc4600bd,Python
35aad597-c1b0-444b-a9b2-b32c1f27fa2c,Python
5d696bc8-dc54-459b-86bb-42c7d8b2f8b6,SQL
7a70425b-7989-478e-a9fe-494e304c7b39,Cloud Computing
d4176230-5274-4e11-b61d-f906257035db,JavaScript
7c45d65d-b517-48ef-9b21-3e3143c2181f,Python
bd6aec56-daac-4277-be73-01e9de16a0ea,Cloud Computing
cfd42949-e33e-4976-9862-5813b28d7506,Python
6ef22516-df42-4a29-a747-520fe3157b34,Cloud Computing
7fb9ae49-0222-4c10-b82f-2dc31c35730b,Cloud Computing
34f43404-8ff5-4701-8222-6c16e3de4ec0,Machine Learning
deeff82a-0dd7-4158-a9c1-65ae4c610ae8,SQL
1be00f8e-0c8d-41d2-9673-aefbeb9e54e0,JavaScript
d56c478f-b854-4d6a-959f-2b6979a8832f,SQL
3207343e-c6a0-4656-85c9-fb91ff6ef9ed,JavaScript
09b4413c-a45c-494a-b452-98c460310461,Python
f1c2fa18-c2af-46a6-9038-4c0ddbc3f559,Python
21419a14-9acc-400d-9b3f-b4a2161d6acf,SQL
c8a738ab-0df8-4e12-a56b-61e04ba8a4ca,Machine Learning
9b125dfb-2804-435a-b311-65e02c5cce54,SQL
e65dd443-5508-4167-aff5-cdab2aa946d4,Python
4878383a-e037-4953-ad2d-7cb9a452b559,Machine Learning
a51581ba-d206-499a-a872-443469b6175e,SQL
c42f7d59-2bfa-4a2d-9afb-f99753528440,JavaScript
aad9e93d-c3d0-4de3-8fbb-a84a80b57013,Cloud Computing
3d4caf01-2431-41eb-9d9e-17173f086a9e,Machine Learning
47d1931c-f9f2-49ab-bd77-71f8a948ec66,SQL
79ff89d9-2db1-4deb-ae6f-fbea8df71647,JavaScript
b62e8f02-d7b7-4862-b347-f1d458c6b1c6,Machine Learning
1b3f0866-d590-42df-8470-f4aeaeadd1dc,SQL
436e3c49-770e-49db-b092-d40143675d58,JavaScript
d5016ada-189a-435d-aa5f-89ca5bea530d,SQL
1ef8aca7-898f-4586-b74a-3db6e223afc0,JavaScript
2ed087d4-57bc-4d3a-90a1-7fe85f642a53,JavaScript
fbf676af-7537-485e-93cd-c93fb84fe81c,Python
df223246-e6fb-41d3-bba2-6c214264e318,Python
e0ee5e8a-b3e6-44c6-9428-df6c89aa4293,Data Analysis
abfe1fb5-a6c2-4716-b7bd-77509a7650dd,Cloud Computing
5983ce94-506a-4dd3-8b31-324f485835db,JavaScript
7f3ef59b-1638-4137-a9f3-5b2d4580dac2,JavaScript
a091e5b4-d293-4e6e-bf4d-093033b0fb53,SQL
a76f7d3c-6252-4f26-96ef-26a317c50a7c,Machine Learning
ecfdceed-188c-49b2-88ab-bf0d209ebc46,Cloud Computing
cc09de64-233e-44ac-be3f-3da02f98ad33,Machine Learning
1397b542-5e65-4990-becd-0ded1f08f855,SQL
8cf6e8b8-7fd2-48c3-bee8-2983d5574241,Machine Learning
3ec8fe58-d728-4d30-8911-1a42319ec58b,Cloud Computing
4e336644-c657-40ae-9bd6-7d4d7202fae5,Data Analysis
46aaf714-57ba-4888-a3be-b4450e5d8626,Cloud Computing
d5935e79-9be5-462a-9c97-9a813deed56a,Python
31c77a44-64f8-4226-8304-81c2f9d09e26,SQL
ec40d95a-b1ee-4f64-890b-23ed2ae1d0bc,Machine Learning
b5def807-4a96-4478-a72b-dddd511eeeb8,SQL
0a333eef-481e-47f3-b6fa-b8280c6d5a71,Machine Learning
1221cddf-7a4a-402f-a1d6-3b0fb1ac040d,Python
497dd968-b4b6-4702-a11a-7d790da761fd,SQL
063fec11-446c-40d6-8d4c-01b333e40ea9,Python
a4f954fc-c449-41b6-8fef-7811e124c3f2,Machine Learning
b5d2bf7f-764d-4e7c-8e49-d0f92cc5c9de,Machine Learning
13ad3ead-816e-4f32-a077-5ce4151f62f9,SQL
109792a4-4b00-4cfc-a1f5-5aa5529e0da0,SQL
436e3c49-770e-49db-b092-d40143675d58,Cloud Computing
d972c236-db84-4c06-984d-6427adaad2f9,Machine Learning
9771d80b-3768-485b-bee3-dbaadcb913b4,SQL
e06a46b2-bd93-483f-917b-d6cc2195e073,Machine Learning
0c2ca7fa-e525-4eaf-91e1-17993f39562d,JavaScript
d653d4bb-4bfc-40ca-b161-3babd0ef1299,Cloud Computing
857f2f3e-61a9-4fb1-9f69-a5609baa0785,Data Analysis
f9a55cf2-a66c-4fa1-b5dc-8a9afb38cd91,Python
f0b6844f-6a73-40b3-acfa-17006790eee0,Cloud Computing
49fa68d6-c362-440b-9309-0fc52cfc4fb4,SQL
af2f32a7-20b6-443c-bbf3-a106260b13e0,Data Analysis
46aaf714-57ba-4888-a3be-b4450e5d8626,Python
063fec11-446c-40d6-8d4c-01b333e40ea9,SQL
38491ecc-8891-47fd-a804-d0ac795741bb,Machine Learning
51683612-2bb6-4a4e-8c47-5261e585a0a5,Cloud Computing
bc341b4f-fbdc-432e-a546-c66d89b1cad1,Data Analysis
8fd7dced-cd65-4328-99fb-ded24da12b02,Python
3a24ec19-0292-4d3d-96af-a28a178cb5a0,Data Analysis
2ee94ed9-a0c6-4223-8435-9252319dd940,Data Analysis
36a25607-9486-4e3c-bd26-7a937f2382b5,Cloud Computing
42b07e31-2f3f-4e11-973a-603d7feb25e2,Machine Learning
2fe12ed8-75fa-4ebe-a4e3-9c20043f1b5f,SQL
57a99ae7-7175-4228-9cad-fda8ece027bb,Machine Learning
296be903-4e09-4596-ab45-eaf07ad30e2a,Cloud Computing
302b0401-efed-498b-979a-7368bd96bb0a,JavaScript
979c30cf-3326-4887-9058-81dfee9bf3e1,JavaScript
a5044925-fffc-4f63-bbf3-f8f5624b31d7,Data Analysis
f05ff9c3-9f69-4cde-beaa-7a911defd401,Cloud Computing
9e2383d0-7491-4c14-a30b-669c1c405045,SQL
129543a4-fcc3-4cc7-bd67-eb3e836d2c1f,SQL
c8844f88-074a-488f-9231-d2a59f35ba40,SQL
301db817-6673-442d-87af-75de33f92a87,Cloud Computing
426b2236-e4a0-4521-ab6d-d0aa36cf9429,JavaScript
71414f58-db8e-435b-bc83-861eddf0a0a2,Machine Learning
d3a71b83-97d0-4f8f-affd-d43b2c691f04,Cloud Computing
f981f289-185c-49ed-9d06-17355ccee873,Machine Learning
29476f54-973e-429c-b5f0-b1be7aa1219a,Python
6fb138c2-c350-4f4f-b1b8-f079299094c0,Data Analysis
565bb785-b8f9-45fc-a959-8983785e02ee,Data Analysis
cb08b605-f6f6-4488-9620-15f05253b6f7,JavaScript
18ecde2b-0a80-4167-b4b3-f20eaed0fb57,Machine Learning
a67155cd-76e9-4fdc-87e4-b3f364ad2b39,Cloud Computing
677f7c73-fd9b-4af3-9812-5123984f5a56,Data Analysis
6d820335-f3de-49dc-869c-558b496d036a,Python
f2193325-c1b1-46bd-ba2b-adf71c894d39,Cloud Computing
15668483-c526-4dc8-bf93-672421d67c73,SQL
ad18c723-bb47-43a4-89be-8766781e2d35,Data Analysis
3ebb527c-1438-4799-a42a-c30f5d80a53b,SQL
cb70c67b-1d7a-4727-ac13-e4e8610918c9,Python
c356dee2-517f-4316-a0e5-886663380b42,JavaScript
2f8aeb01-c73f-41d2-b059-5815bf32dbc5,JavaScript
a8ae57b9-c262-4ad0-98f1-a1e41d30a290,JavaScript
cc650374-91e2-4c1e-bb89-5644549dd3b5,SQL
b99b2b5a-e00d-449d-affa-20023040413c,Data Analysis
9e24c724-e47a-4b03-b68a-e6fbef775124,Python
df3c5c8a-6510-46d6-8761-0e8384d99451,JavaScript
352b6ec8-e90d-41cb-bf11-1a368c52d271,Data Analysis
b0309415-ef21-4b2c-8143-d636fd54225b,SQL
6c5ccba7-b55d-4fc1-a22c-c212b69d2f48,Python
3d3fc0e0-944b-4f07-91e8-44c9b00ecc67,SQL
a3aa1839-bc35-4c9a-921a-21a4254c5028,Data Analysis
dd95b4d7-570e-4ab2-b932-3a072ec3f8e0,Python
280906a9-52e2-4a8e-a793-b627ac00cd5e,Python
3f8b4433-b60e-495c-9759-ba9625f88c74,Cloud Computing
b366ffd1-ae4d-4a19-a2c2-aa2466e9a80e,SQL
1bbcb748-bb55-4fa3-ae26-651915f87768,SQL
6d130705-279f-41ab-9b49-09b65cbdb682,SQL
cc3eb36d-dc75-44cc-b93d-af5ab35c9601,Python
2faabe0b-b7f6-4cdf-81dc-1c60a5f60735,Machine Learning
397a4dc8-1c31-49b9-bda2-f9a02b6838e3,SQL
e7bd1db7-f780-4afc-a538-c6a705651e80,Data Analysis
7f660f24-1987-4a42-a675-835a2ad9c360,Data Analysis
49ed6369-ee86-4beb-83dd-1d6a18fc9899,Data Analysis
06289878-6a39-4607-ae35-c5c86fe05fa2,SQL
c8844f88-074a-488f-9231-d2a59f35ba40,Python
b62e8f02-d7b7-4862-b347-f1d458c6b1c6,SQL
418af089-fa7d-4961-b927-a136fc73e358,JavaScript
59e110eb-1f09-4b9d-a969-29b20513eda8,Cloud Computing
ce31ce5c-213b-4241-83c5-9c143824c62b,Python
129543a4-fcc3-4cc7-bd67-eb3e836d2c1f,SQL
68599dc4-e8c5-43b0-86c5-50543eb4a527,Machine Learning
5d696bc8-dc54-459b-86bb-42c7d8b2f8b6,SQL
2b23ace0-1872-4dc7-9f86-8f8baec61694,SQL
42791490-5105-44f9-9909-49aa9bdd3d7a,Python
ead18464-ca8e-458c-90f8-1063889fe107,Python
8b2e1eb3-b523-41f3-9e3b-c735071f1a27,Cloud Computing
9be950c7-147d-4bfc-9eef-0d1e38c5ef5e,Cloud Computing
4b87959f-f0cd-4f05-aa87-855ea38295d3,Machine Learning
5031d661-b1b2-49c6-b120-721e86cd6214,Data Analysis
f7eba7e9-1dd0-4ec8-ab30-f1b1bb4c5947,JavaScript
a2bc491e-c1cd-49a4-9738-b27785764472,SQL
01c9a464-87d2-4e31-bda3-25e2bc4600bd,Data Analysis
a8d99292-4a85-4443-bba8-78d934b55b86,Machine Learning
34f43404-8ff5-4701-8222-6c16e3de4ec0,JavaScript
83601fb5-b45b-4ad3-b7d0-eea0211f632b,Machine Learning
23900c1d-d129-4d13-b7b5-67b4172d2bd0,Python
f7347784-a049-4164-952f-6d1127ff97ca,Machine Learning
bd2898b0-06e2-4080-aa0f-31e4b2290f1c,Cloud Computing
db38f306-6e6a-4d5b-a154-be4a61cf91fb,JavaScript
2bacf712-d6a9-49e8-86d8-95e5219b606d,SQL
2c3aacdc-aed5-4a46-8bde-005b5d8babd7,JavaScript
d46c5776-4db3-4044-a887-6b7f64694f53,Python
2ab18038-03f8-4c7b-b43d-e03ae05c1fb9,Machine Learning
df495037-b40a-4181-ac09-bdb799086e47,Data Analysis
21acfdb5-1b55-4f6d-b01c-6abfc7739d46,Cloud Computing
48454343-ddb4-49dc-b710-6966e0827f76,Machine Learning
ef303fd0-78d3-4a66-834a-7e17eeced5b3,Machine Learning
375fdd57-2700-460b-82ce-56bd8301b3a6,SQL
42791490-5105-44f9-9909-49aa9bdd3d7a,Python
d1263905-de99-4ecd-a0f3-547030104525,SQL
bf8f81ea-cfb0-468d-b189-25a6c6cec51b,Cloud Computing
66414954-c798-4445-86a3-cc71ff2f6883,SQL
82aa5c46-8049-4bbf-b6f6-a77822460ac9,Python
d46c5776-4db3-4044-a887-6b7f64694f53,JavaScript
a2dd22d5-2afa-4b7b-91cb-f9e5fb7d3ba1,Machine Learning
46cbeb60-37d7-4d4a-b718-a6ad2209cd5f,Cloud Computing
9dc0a8b5-5987-438a-bcd6-c18e2b54500d,JavaScript
82c901df-5fd2-49bc-8e67-3bc844016c6f,Machine Learning
a5db8ca3-5630-4021-95af-b78379ba19db,Machine Learning
31d1d6cb-6450-4d3c-8152-1e6050f53bd8,Machine Learning
36a25607-9486-4e3c-bd26-7a937f2382b5,Cloud Computing
b5a4c55b-b462-4214-a23f-f67de9572bc2,JavaScript
37387270-d424-49f3-a18e-44407a70bcf8,Data Analysis
4ab6821c-0328-4136-a29e-f3d8dd1ca267,Python
5f187c02-1e24-4a97-a73e-f6f485d4bf0f,Python
5f187c02-1e24-4a97-a73e-f6f485d4bf0f,Machine Learning
14570a44-096b-4227-a7bc-7004b4072f12,Data Analysis
acae8af8-9599-4267-b90f-516ddb06f072,JavaScript
302dc72b-1366-4d76-82fc-93d9b3ef29d7,Machine Learning
7a57772b-3c1a-4ce2-95ec-ec2c07983bc0,JavaScript
153d2c6b-1790-434b-8b32-36d6408d5212,SQL
66d29752-5097-4843-969b-111f15b4066e,Python
61eaaa65-a1d7-40ea-8704-e80ea2466cd7,Data Analysis
9aebbc3e-a1f7-4157-98f3-4359a60da1aa,Data Analysis
922913f1-00f3-4866-b026-0bb173f1df26,Python
02ed73ce-92a8-4713-b90e-d44b951c25d5,Machine Learning
13893a70-a02c-4ed2-b58f-41b07c8c65ab,Python
80520405-fa84-4b5f-ba6e-3743fef97d57,JavaScript
40f7924b-7bd7-44bf-8e0e-abb78f20c5e7,SQL
13ad3ead-816e-4f32-a077-5ce4151f62f9,JavaScript
5d696bc8-dc54-459b-86bb-42c7d8b2f8b6,JavaScript
21e10ae8-5795-4ee7-b510-561a683def14,JavaScript
a341441c-3c16-4571-957a-66e5a18af1fd,SQL
137b41c2-5f71-41e1-a05e-ad1cbde9a6a8,SQL
cd9b79fd-a04c-47f6-abb4-71577ec469d8,Machine Learning
fb4f1972-5115-47ee-bb90-908e7ce34563,SQL
108d692f-6fa9-457c-974f-e6687f441add,JavaScript
6793cb09-6b27-4eff-a82b-5b364269c28c,Machine Learning
a632c350-ff71-4ff4-833a-8761618f178a,Cloud Computing
484204d5-2bb9-4661-9884-23547613ef44,Python
51d41c6a-5731-4c46-97cb-9e5b03379b0b,Machine Learning
6b9c7e6b-e495-4ebb-97c8-ccb8af376fbe,JavaScript
9771d80b-3768-485b-bee3-dbaadcb913b4,SQL
922913f1-00f3-4866-b026-0bb173f1df26,SQL
3618187c-37e2-4c86-a54f-da3118d3ab67,Machine Learning
5760c094-7942-400a-8f24-2413d5b65438,Python
bfc46c0e-acdf-40ff-85ed-3982760b3673,Python
5f269466-54d1-432a-a308-2ddcc9c04b7d,Data Analysis
6e310234-c410-4108-8256-83894cb34663,JavaScript
39ee80ab-46c9-47e0-90c5-9550f69a0539,JavaScript
e2fb8d66-a892-4ad4-887f-e19cf7ba19f9,Data Analysis
634d7549-9d9a-40e1-81ef-688b7fc0922e,JavaScript
8373edf3-dec9-4438-884f-f1a7af481fc0,Python
a8ac1ab1-afa9-402c-9e4c-4be773b0e73d,JavaScript
e35bba6d-bd39-409d-a67f-aa8371497c71,Machine Learning
10a5b073-b180-4803-9902-5a2ce3dc8702,Data Analysis
7f5f61aa-aee7-47a5-8629-6fbe309b48dd,Python
e7773701-f787-4461-a62c-4f006c2d1b96,Python
ccd7608f-3adc-438c-b380-46efad4a2b3c,Cloud Computing
5868ffda-60bd-4662-bee0-7bb3e2c350af,Machine Learning
8fd7dced-cd65-4328-99fb-ded24da12b02,Python
129543a4-fcc3-4cc7-bd67-eb3e836d2c1f,JavaScript
8c1046bf-24b3-4794-a93d-b7fa8e8ded45,Machine Learning
df223246-e6fb-41d3-bba2-6c214264e318,Python
79fc3831-ee9a-41b5-ae58-d695e15ab8f3,Python
436e3c49-770e-49db-b092-d40143675d58,Cloud Computing
9b5c4b58-9c42-4665-bf3c-03a6357544ee,JavaScript
bb44badc-ea98-4ef8-90d7-5e373bf2025f,Machine Learning
ca978f1d-6f33-4c5e-8392-3cfa5d9f2c8c,JavaScript
92e33940-a32c-4e99-bd26-a41b221a7c4e,Cloud Computing
80dc4cf9-71b0-41fa-a22e-b45b1986133d,SQL
6d130705-279f-41ab-9b49-09b65cbdb682,Python
cd2e6c8b-2436-48de-840c-fbdecaf91924,SQL
979c30cf-3326-4887-9058-81dfee9bf3e1,SQL
a762b59c-ce9e-4929-b630-8a601e4182bb,Cloud Computing
8135f15a-9343-46ea-985a-9548c0ba22a4,JavaScript
8a9b7b20-aeb1-4cd3-b836-0a876aa22571,Python
fa9f4841-e156-4c60-9205-e9cc275759a0,Python
15bc2a3e-bf76-45d7-b97c-6c3c755d814b,JavaScript
1bcb404c-21d8-496a-a2ad-a15760d2759a,SQL
cc502a89-8a08-440e-a239-5ad5af1f798c,Python
ca087252-e048-42dc-b44d-24421ad74fd4,Python
3d4caf01-2431-41eb-9d9e-17173f086a9e,SQL
51683612-2bb6-4a4e-8c47-5261e585a0a5,JavaScript
13893a70-a02c-4ed2-b58f-41b07c8c65ab,Python
1397b542-5e65-4990-becd-0ded1f08f855,Cloud Computing
ab196705-764f-4842-b955-3aadb5e0bcbf,Machine Learning
29476f54-973e-429c-b5f0-b1be7aa1219a,Python
dd95b4d7-570e-4ab2-b932-3a072ec3f8e0,Python
16acb78e-1a61-4efe-85d8-cc0839819354,Cloud Computing
d4a8b45a-75d1-4776-94c0-8f6d076451d3,Data Analysis
9e32f085-b24f-42b9-8a08-41de3360d115,JavaScript
45d3708a-c89f-484f-a568-221b8fd73af9,SQL
682904ca-febf-4c56-9826-c4966ebb7a17,Cloud Computing
ee93a4d0-cd24-420c-8d34-6977d41bd8bf,Machine Learning
424d9430-b724-49b7-b10b-7fa9e9a0c20d,Data Analysis
6fb138c2-c350-4f4f-b1b8-f079299094c0,SQL
6c17e150-1447-46cc-8352-acea3878becf,Cloud Computing
c055b921-635b-4f49-8234-83a82adcecb5,Data Analysis
5b5cd6c5-4b11-4181-adc1-214344698c04,Python
1221cddf-7a4a-402f-a1d6-3b0fb1ac040d,Data Analysis
df85c777-9887-4bfe-8136-9c65ae2ae341,Machine Learning
e65dd443-5508-4167-aff5-cdab2aa946d4,Python
0a2d36a6-0580-4493-b664-6199ed25459e,Cloud Computing
dd95b4d7-570e-4ab2-b932-3a072ec3f8e0,Python
f32d2812-121d-47ac-bb26-7d27588955c0,Python
e900b66f-6083-4f88-97dd-a51ea4dc4d4e,Data Analysis
cfc3845b-1464-4da8-9bf7-fa26e9b89caf,Python
56a3dccc-c93c-4cc6-a68b-28da8222cd7f,Machine Learning
66d29752-5097-4843-969b-111f15b4066e,Data Analysis
c4f4b844-46c1-42a5-bec8-8839ec35c3de,SQL
e0d96670-7606-4a34-91d6-9f1125693e13,Cloud Computing
b69415c7-1604-42b7-b424-b79c27b0816b,Machine Learning
ca978f1d-6f33-4c5e-8392-3cfa5d9f2c8c,Machine Learning
7636ae1c-e961-41f3-8130-8be0fcea9a96,SQL
a8ac1ab1-afa9-402c-9e4c-4be773b0e73d,Cloud Computing
15bc2a3e-bf76-45d7-b97c-6c3c755d814b,Python
b30269aa-6cfa-4ecc-9ae4-27cfebd5c149,JavaScript
b1850eb8-5f90-4c87-aedc-017e1df05d18,Python
bf95ff33-cdea-4f52-b7d7-cab335b33f54,Data Analysis
917c4f11-b81e-4083-9296-14b56c8073b7,JavaScript
280906a9-52e2-4a8e-a793-b627ac00cd5e,Machine Learning
5ca59057-9e71-4a56-987e-bca4fa0f01a4,SQL
a76c11cb-66f2-4d1d-83d6-af3f2c727675,Cloud Computing
7b2413e8-005f-4765-975f-310891653dbc,Cloud Computing
23900c1d-d129-4d13-b7b5-67b4172d2bd0,Python
6a4989a6-8ee2-4e54-bfcb-33888ef4d74b,JavaScript
23ea7956-49f1-437d-bd59-2e192ab7b2ef,JavaScript
60c336eb-5fd6-49e6-85f9-70f75075b7d1,JavaScript
d010318a-eadc-4960-8242-11e2960be0f4,Cloud Computing
35aad597-c1b0-444b-a9b2-b32c1f27fa2c,JavaScript
3f8bc509-484f-4da6-810e-9d40cc8155da,Data Analysis
3298d758-3585-4c00-93c8-74bd32239f5d,Python
c9c01379-829c-44f7-8f5b-c40c5f321f6d,JavaScript
78822064-076c-408d-a14c-87b10cfc6420,JavaScript
8ec46aab-aefb-4b37-a50e-e5e70e77b689,JavaScript
a4331510-ad21-44cc-a9e8-f0d8588309de,Data Analysis
e0b641d0-4345-429c-9655-8df410af54cc,JavaScript
23e57b50-27df-46e0-84c4-69b120c13845,SQL
8f31bf2e-a4d7-4f64-9fb0-26cca5292f56,Cloud Computing
3d3fc0e0-944b-4f07-91e8-44c9b00ecc67,Machine Learning
de4097c3-3427-4466-97f4-b85d597faaf0,Data Analysis
3756999b-251a-4f0e-af94-da50e3f713a7,Data Analysis
ead18464-ca8e-458c-90f8-1063889fe107,Cloud Computing
d5016ada-189a-435d-aa5f-89ca5bea530d,Cloud Computing
af178dbb-c461-4ac1-92b5-9aa4c07d0001,Cloud Computing
3ec8fe58-d728-4d30-8911-1a42319ec58b,Machine Learning
f9e421bc-1120-453d-b285-d65bbf6b8493,Machine Learning
b9567731-8a4c-4e1f-81af-eb2a62c8c3f4,JavaScript
440dd09f-c2e8-4fc2-b649-6cdefca54576,Data Analysis
a33b3dfd-9048-45c6-b820-5aa7996f7e88,Cloud Computing
3f8bc509-484f-4da6-810e-9d40cc8155da,Machine Learning
4b87959f-f0cd-4f05-aa87-855ea38295d3,Cloud Computing
8a9b7b20-aeb1-4cd3-b836-0a876aa22571,Python
f7fe604f-65f3-4779-b6ee-5cdb2d79a2d1,Data Analysis
1b912adc-8333-44f6-aa6a-01490b44676d,Data Analysis
31745b78-c705-4d1e-a3bb-48b6731171a7,Cloud Computing
e4fb2a3b-dc05-4e03-93f4-71e72cba1bc6,Machine Learning
ecf91245-3e5f-4e23-b04c-19e22a3dd769,SQL
5ef361c2-abd7-43f1-a50a-d9aafa3f012e,JavaScript
35aad597-c1b0-444b-a9b2-b32c1f27fa2c,JavaScript
299656e2-4c9d-4907-93b2-2cecedcabf94,Python
a7954d2b-9296-41b0-8d59-79bf9ef63a80,Machine Learning
80520405-fa84-4b5f-ba6e-3743fef97d57,Data Analysis
ca4a40bc-4121-41a3-8818-b004b0a4f557,JavaScript
8269041a-7453-4044-ae07-336d9f8d367d,JavaScript
6efe2368-84c4-4de1-be5d-a21a9b81b898,Cloud Computing
42791490-5105-44f9-9909-49aa9bdd3d7a,SQL
8cf6e8b8-7fd2-48c3-bee8-2983d5574241,JavaScript
302b0401-efed-498b-979a-7368bd96bb0a,Data Analysis
c935a278-9645-4ec1-840d-214b3bd54863,Data Analysis
1204f4d6-bbfb-4b71-8a68-3eb8876de8c5,Machine Learning
ee7ae3bb-5034-4715-9706-c3cdda440dee,JavaScript
b2f240e3-65e1-405b-bf8f-f33eee1595cf,Data Analysis
42b07e31-2f3f-4e11-973a-603d7feb25e2,Machine Learning
4a454398-0993-46ff-9a1e-72b2de6a7c6e,SQL
e5a1c6e4-e188-4146-bc40-a3d4e5eb4549,Data Analysis
e5a1c6e4-e188-4146-bc40-a3d4e5eb4549,JavaScript
ebfbc97a-eefa-4d76-8f67-a174002394e2,JavaScript
4d8b876a-0b44-46b2-8ab9-694f38617ce9,Cloud Computing
ee28b2f4-4a76-40ea-8b6b-99445e4908c8,Python
be8b15f3-b7e1-49a2-a4cc-7a90d0b66c10,Machine Learning
5b9559d0-2887-4d02-bb54-35ba0255b13b,Machine Learning
468538bc-ac17-4b47-a474-e10f718170c2,Cloud Computing
2b1fc2ab-640e-468e-bdcf-6fd488df12c1,Cloud Computing
2ab18038-03f8-4c7b-b43d-e03ae05c1fb9,Cloud Computing
23226464-ad6d-44ef-94d9-a0ae055fd8d1,Python
61eaaa65-a1d7-40ea-8704-e80ea2466cd7,Cloud Computing
ce31ce5c-213b-4241-83c5-9c143824c62b,Python
183f36db-54be-47e0-b566-639489a8c57d,Cloud Computing
4ab3c590-f262-4145-a731-660c6149ee42,Machine Learning
c83b6467-9c12-47d2-9c4e-7b65c81a5f0f,JavaScript
bd6aec56-daac-4277-be73-01e9de16a0ea,SQL
13893a70-a02c-4ed2-b58f-41b07c8c65ab,JavaScript
3fac4317-16e8-47b0-8552-f3c55f13fb98,Python
6ce763e1-708f-45a1-8ea6-e9bc82ff1dad,SQL
44f4d74f-c629-4ca6-ad07-67746bc5bcd4,Cloud Computing
2fb9950b-a190-4a44-a888-7521845c10ea,Cloud Computing
4cdaebf4-98f9-4fb4-b2a4-3bf402b49d26,Cloud Computing
ab2dd056-cf71-4c2c-8f35-fdb9bdf18708,JavaScript
5f187c02-1e24-4a97-a73e-f6f485d4bf0f,Machine Learning
46aaf714-57ba-4888-a3be-b4450e5d8626,Python
9c12e3c9-7bee-4582-8fae-46a9524ec63c,Data Analysis
d2c4c286-5a04-41c9-947d-efcf88cfc53d,Machine Learning
e8e91639-c69a-4024-b706-46025e5ea4cd,Data Analysis
709de505-046b-46f9-b675-1903719d722f,Python
3ec8fe58-d728-4d30-8911-1a42319ec58b,SQL
b33422cb-9a3f-4ad1-a9a9-aff9235fc3d5,Machine Learning
a5db8ca3-5630-4021-95af-b78379ba19db,JavaScript
d3293724-6dfd-471a-b7d7-465d37c3b3c9,Python
83d04bac-21e3-4238-92b1-178bfd6c47e3,Cloud Computing
10a5b073-b180-4803-9902-5a2ce3dc8702,Data Analysis
751a5b9a-f99f-4c06-ba24-de171836a027,Machine Learning
29aaaa7e-483e-46a1-bd51-d528072e35dd,JavaScript
fed50d6b-bf64-44b6-aee5-b33e2dd34f8e,Data Analysis
542ef29e-1bcf-492f-b98b-07573036f6b9,Machine Learning
5346405c-f60c-4dd3-9d4e-42f20f14f86c,JavaScript
fb4f1972-5115-47ee-bb90-908e7ce34563,SQL
50026d68-e70d-48b8-9f33-1eb0e8ff561f,Machine Learning
2ea2daec-fac2-44dd-b2a9-5261cb505aa3,Machine Learning
d56c478f-b854-4d6a-959f-2b6979a8832f,SQL
f545dfb3-08a4-4ee1-a3b2-f9852ad0d57e,Data Analysis
e600fd68-4a69-4d38-b705-e6923faf1b34,Machine Learning
7a57772b-3c1a-4ce2-95ec-ec2c07983bc0,SQL
cfc3845b-1464-4da8-9bf7-fa26e9b89caf,Cloud Computing
7636ae1c-e961-41f3-8130-8be0fcea9a96,SQL
ff46d9d3-f279-4e8b-b195-fa9f3afd099e,Cloud Computing
50026d68-e70d-48b8-9f33-1eb0e8ff561f,Cloud Computing
3f8b4433-b60e-495c-9759-ba9625f88c74,Data Analysis
ca5edf38-2743-4b53-86b8-1c8a03f9c74d,Cloud Computing
d5b5984b-50af-4b53-ac4f-98383b1f3a0d,SQL
7d169638-658a-4377-bda8-b37a1e69d7ef,Machine Learning
04251c71-5d21-4235-9053-d7f45ec91fdc,SQL
682904ca-febf-4c56-9826-c4966ebb7a17,Data Analysis
d2c4c286-5a04-41c9-947d-efcf88cfc53d,SQL
16acb78e-1a61-4efe-85d8-cc0839819354,SQL
f7bce0ef-72c1-468e-9390-6193490ce315,Machine Learning
c2ffd690-a2a6-461a-ace2-7ec9550100bf,Data Analysis
98069315-ce62-465f-876a-3991aebef7a2,Machine Learning
397a4dc8-1c31-49b9-bda2-f9a02b6838e3,JavaScript
7ea7eded-cca0-452e-bbcb-4db69a51ec62,Python
1a85fd69-344c-46cc-bf48-e5f018cc0e29,Python
689d1205-8b31-44d8-a073-c1d09929afeb,JavaScript
0f6da751-7e9e-4b8a-b8c5-9ac6133ca9cf,Python
5d4f7107-911d-4c79-90c8-042027035b27,Machine Learning
7d76ab58-b271-415b-8af0-9ec34b726a7c,Data Analysis
663ab809-bb1f-4b98-af5a-181ab1caa64c,Cloud Computing
cc76864a-b618-41c5-a830-257dcf8b4eb2,Data Analysis
63fe0717-f6a8-48cc-ba11-df76d6e75f73,Data Analysis
61603399-d307-4198-bc3e-b4029ba14c35,Machine Learning
243a7f53-2a7b-4a7c-a674-dd6b9055e085,SQL
6142894a-1899-498d-9b5c-fadf9063bf18,Python
296be903-4e09-4596-ab45-eaf07ad30e2a,Data Analysis
d972c236-db84-4c06-984d-6427adaad2f9,Cloud Computing
5aeb5055-7d69-4580-97a8-510843b93b02,Machine Learning
82f29004-01e1-47d8-9a31-204495a0f356,Python
76617a3b-f960-4ca3-96c7-2b1ae826fac7,Cloud Computing
1a85fd69-344c-46cc-bf48-e5f018cc0e29,JavaScript
b1c9d0dc-a38c-435f-92bc-f09006d6fba7,Machine Learning
d5767137-d456-429d-91c6-31cf4b7a123e,Cloud Computing
400945ce-932c-4ec9-8b1b-8effd02a6cbb,Machine Learning
c6807bb4-81c9-44a0-ad6a-e39fb5604484,Python
e8c0563d-258a-4c6b-b205-da82a9f3531b,Cloud Computing
ff310f21-c87b-47d9-98bc-e5e4d282d54d,SQL
8b0e8eb1-ad37-4d9e-92cf-60211f33242d,Python
24caf1b8-394a-47fd-b28b-f8463b504fda,Cloud Computing
15668483-c526-4dc8-bf93-672421d67c73,SQL
b0921979-0434-48b8-8ffb-c222f51ed666,Python
21acfdb5-1b55-4f6d-b01c-6abfc7739d46,Cloud Computing
29d4056e-10f4-45e5-bdb3-e9a900252855,Cloud Computing
7031e2cd-1687-419b-8fd4-82783332d3ab,Python
a341441c-3c16-4571-957a-66e5a18af1fd,SQL
2ca26887-bb21-48c4-a318-8a65496fe308,Machine Learning
cd2e6c8b-2436-48de-840c-fbdecaf91924,SQL
b1f0b429-d54f-4d02-b976-c6377e9716ad,Data Analysis
1a31c87e-904c-41a1-834f-e1332da6b974,Data Analysis
3207343e-c6a0-4656-85c9-fb91ff6ef9ed,JavaScript
09268f85-982c-4129-8679-fe6e91779972,Cloud Computing
f168c605-ce1a-4669-9bbc-6cbc409ca8f2,JavaScript
b2f240e3-65e1-405b-bf8f-f33eee1595cf,Cloud Computing
063fec11-446c-40d6-8d4c-01b333e40ea9,Machine Learning
447a4e2c-8e99-4457-a0b1-d762c524f047,Data Analysis
505ec9d6-4c32-40a2-b452-2738e07309de,Data Analysis
13ad3ead-816e-4f32-a077-5ce4151f62f9,Data Analysis
9dc0a8b5-5987-438a-bcd6-c18e2b54500d,Data Analysis
e4729be5-f3c2-444a-b60a-3dcca7f77451,Python
a67155cd-76e9-4fdc-87e4-b3f364ad2b39,Data Analysis
343402ef-44cf-46ba-9302-e6e2387bccda,Cloud Computing
beaad00d-d4fe-4f58-a1f8-75a48a4b4559,Machine Learning
a091e5b4-d293-4e6e-bf4d-093033b0fb53,JavaScript
946f9f07-8673-473a-a5b5-8f3084868583,Python
7f4423d5-49a1-47a1-8571-32539956ad9b,Cloud Computing
1259d654-86ad-4b8e-963b-ca599d8d2752,Data Analysis
36d5187b-bfdb-410b-b929-1d34db6ea0ba,SQL
44e01371-19fc-4448-85d8-99df113ff40f,Data Analysis
b58f67b6-deda-428b-a232-0dc95bf6f06d,Machine Learning
195efd72-117e-494e-91fa-f1c78141bb37,Machine Learning
0219a9c7-ba23-407a-b03c-1286b71714cd,JavaScript
90cc7a42-d660-4275-9b4c-ccb08f881e63,Machine Learning
6793cb09-6b27-4eff-a82b-5b364269c28c,JavaScript
7321a8b2-0840-405a-bfd2-f491dff389aa,Cloud Computing
d9f93502-a55b-444f-a7d7-3d1d69a3b991,JavaScript
5b619ebe-d03c-4c2c-bc37-49b1b48b9a8c,Python
3df51967-4d86-40bd-a222-4f9623a13e20,JavaScript
7a70425b-7989-478e-a9fe-494e304c7b39,Machine Learning
a206527c-3c68-41d6-9ce8-e12ff9287d26,Machine Learning
037e7f60-8000-4fac-9818-48c527d19990,Data Analysis
c75566c2-dde4-4d87-996d-a200d947c72a,Machine Learning
5d13a906-7dc4-412b-b2c5-a2da40944f95,Data Analysis
a51f4e7c-95e2-491b-9a88-9b20381958f2,Machine Learning
1b912adc-8333-44f6-aa6a-01490b44676d,SQL
d56c478f-b854-4d6a-959f-2b6979a8832f,SQL
dcc31cb2-d0cb-479f-af5d-ff13759a9725,SQL
7fb9ae49-0222-4c10-b82f-2dc31c35730b,JavaScript
9b5c4b58-9c42-4665-bf3c-03a6357544ee,SQL
946f9f07-8673-473a-a5b5-8f3084868583,Python
16965a15-acac-4b18-be88-64abfa27a8f8,Python
45d3708a-c89f-484f-a568-221b8fd73af9,Cloud Computing
a8e7ebe3-cb05-4a14-8865-1a6e1b99eb83,Machine Learning
a91decb2-51a3-421b-b4d1-183f76f8ef17,Machine Learning
c2ffd690-a2a6-461a-ace2-7ec9550100bf,SQL
b33d9c7c-4e73-4dcc-8664-82ee6844a0e3,Cloud Computing
380bd4cb-18b6-46f8-8ba0-768a7b2021f7,Cloud Computing
8e144e1f-b6b6-415c-852f-e1b1b6b4d8e7,Python
6ffcc6e5-461e-44a3-b2fb-094a7d296f9c,Cloud Computing
64caa1c7-58e7-4df8-80a2-372108560684,Data Analysis
2ab18038-03f8-4c7b-b43d-e03ae05c1fb9,JavaScript
b49bc1ef-692c-4843-a682-471058bd19da,Python
b4157cea-0738-4ba4-9770-a3dbe9fa97e2,Machine Learning
31d1d6cb-6450-4d3c-8152-1e6050f53bd8,Cloud Computing
8b0e8eb1-ad37-4d9e-92cf-60211f33242d,JavaScript
ecba0cb1-fdb9-4dc1-ba8b-737a31b5276f,Cloud Computing
7886f504-ed75-4b74-b7d0-c829dcf9b680,Machine Learning
be32fa85-05d0-423a-9ecb-b693f3ac2f5e,Cloud Computing
996e782f-9aee-43e9-aea3-98c6ec677b25,JavaScript
ad92abbf-65c5-4c9a-90ae-2dfc37296854,Machine Learning
689d1205-8b31-44d8-a073-c1d09929afeb,JavaScript
06289878-6a39-4607-ae35-c5c86fe05fa2,JavaScript
f85b6d0a-54b5-4635-bdab-161452150ed8,Machine Learning
f3e08b1f-05df-4333-9e36-992f362465c1,Machine Learning
15668483-c526-4dc8-bf93-672421d67c73,SQL
7d14190d-3fc4-44d0-91d5-0a53d035dd19,Machine Learning
2dca365a-2504-4d28-9e6a-e4592980f6ff,Cloud Computing
6dd49c96-6744-4b9e-aded-cba5a22c3d4f,JavaScript
d4176230-5274-4e11-b61d-f906257035db,Data Analysis
c8844f88-074a-488f-9231-d2a59f35ba40,SQL
73d79809-cf6d-4802-b900-4406b1e58a88,JavaScript
f2cffcae-f833-4bfb-a296-e3f171e15b9f,Data Analysis
44e01371-19fc-4448-85d8-99df113ff40f,Python
424d9430-b724-49b7-b10b-7fa9e9a0c20d,Python
61eaaa65-a1d7-40ea-8704-e80ea2466cd7,Python
d2d47ec7-6a77-482b-829e-435db0b645da,Cloud Computing
974e598d-836b-47c3-bc71-1cc8665173fa,Data Analysis
946f9f07-8673-473a-a5b5-8f3084868583,SQL
ee28b2f4-4a76-40ea-8b6b-99445e4908c8,Python
c49b9e62-25ba-4f03-8765-606982ec0fc3,Cloud Computing
6ce763e1-708f-45a1-8ea6-e9bc82ff1dad,JavaScript
a7954d2b-9296-41b0-8d59-79bf9ef63a80,Machine Learning
cdcc2d6a-1a16-498c-b648-776e183fea70,SQL
4b87959f-f0cd-4f05-aa87-855ea38295d3,Data Analysis
af178dbb-c461-4ac1-92b5-9aa4c07d0001,Python
0ef473a2-900d-4f16-80e0-32006197337c,Data Analysis
d5b5984b-50af-4b53-ac4f-98383b1f3a0d,Data Analysis
cbfd4a31-c8c8-4ad6-82cb-cdc73cd30e99,Python
fb07ee93-0a37-41ab-8be3-534ae1ad640c,Data Analysis
e0b641d0-4345-429c-9655-8df410af54cc,Python
db107e7f-36fe-40b4-b8cd-9122fc0145e1,JavaScript
0041f5d4-9549-4631-b94c-eef2f833dfa7,Machine Learning
ecc38555-2b9b-4ffc-b2db-b2c54518f4c6,Machine Learning
922913f1-00f3-4866-b026-0bb173f1df26,SQL
7b2413e8-005f-4765-975f-310891653dbc,SQL
e593562b-c249-459a-9dc9-06df056e3d78,Python
d500c147-0774-4c94-b5c9-f4599db1bd5e,Machine Learning
e5a1c6e4-e188-4146-bc40-a3d4e5eb4549,Cloud Computing
48f0fcb2-5398-4e7f-9f2c-7e7f58d0202b,Python
8b2e1eb3-b523-41f3-9e3b-c735071f1a27,JavaScript
c968e8ee-4663-41a1-84db-73f3f65e52fd,Data Analysis
d3293724-6dfd-471a-b7d7-465d37c3b3c9,SQL
fd397fe7-b819-415d-8f96-8a84a0d44d24,JavaScript
12e1725b-0b94-42ab-b8e0-c2e1fe7f9299,JavaScript
7a768555-a987-4218-bf84-faef5336723b,SQL
53bfa311-9915-4bef-a8c0-ce9b560b63a9,Python
1be00f8e-0c8d-41d2-9673-aefbeb9e54e0,JavaScript
b5d2bf7f-764d-4e7c-8e49-d0f92cc5c9de,SQL
e8e91639-c69a-4024-b706-46025e5ea4cd,Data Analysis
8a9b7b20-aeb1-4cd3-b836-0a876aa22571,Machine Learning
f2deb798-b31a-45b5-9fec-aa6e88917cf5,Python
9dc0a8b5-5987-438a-bcd6-c18e2b54500d,Data Analysis
a9caa03d-74d1-4024-8c84-c302c5a24d77,JavaScript
8ae3297e-34e2-4142-9a35-447583997ac5,Cloud Computing
1cab87e2-823c-494a-815a-53c17a5cd426,Machine Learning
c356dee2-517f-4316-a0e5-886663380b42,Cloud Computing
1bd07f9b-7861-4769-a42e-4cff64907a63,JavaScript
2944e059-bafa-44da-a9e8-fe2a879f22eb,Python
89c9c0f3-9dcc-41b0-9a0f-df6155718266,Python
3768d6aa-fd34-421e-bb59-475ec88a9a74,Machine Learning
14852949-8bf6-40ea-a244-496ab88e33d1,SQL
27a0b911-afd2-4b72-9c13-a1e76d3e4848,JavaScript
3e32b1b4-1b67-4a64-8316-959cce64debe,Data Analysis
42e17302-2ce6-4908-8ece-a5d35ea909ef,Cloud Computing
7bdac670-ca4c-4b4d-bc8a-de6a9051385e,SQL
2d445af8-fc94-46b1-a18b-5d1555273407,Python
dd95b4d7-570e-4ab2-b932-3a072ec3f8e0,Data Analysis
8b2e1eb3-b523-41f3-9e3b-c735071f1a27,JavaScript
d20cd375-a5d4-43c4-a845-fee9904ada37,SQL
5d13a906-7dc4-412b-b2c5-a2da40944f95,Python
1a99aae0-8677-481d-9902-c93b69479974,Data Analysis
5f187c02-1e24-4a97-a73e-f6f485d4bf0f,JavaScript
d255a4de-9330-4a83-9208-7e208ede9b46,SQL
3c98fe89-ec6e-45ca-973f-9ac917ee7fc7,SQL
f2d78d53-8870-4ae7-8ead-da9a115c42cd,JavaScript
46a56fe8-6f46-41b1-aace-1aa9103246b3,JavaScript
6538bf11-e676-4b0a-bb9a-3daf6321d753,JavaScript
e7773701-f787-4461-a62c-4f006c2d1b96,Cloud Computing
d3ff0631-22dc-406c-8c85-328e5502ec67,Cloud Computing
98d54b7e-c08b-4631-bd57-ee2733daefc1,Python
ecc38555-2b9b-4ffc-b2db-b2c54518f4c6,Machine Learning
0f037337-b9f6-443b-b238-305621ec4754,Python
7636ae1c-e961-41f3-8130-8be0fcea9a96,Python
ca5edf38-2743-4b53-86b8-1c8a03f9c74d,JavaScript
cbee1876-1d87-4a3e-94d6-cbb0dfedf5fa,Data Analysis
80ce9afc-2ab9-4a52-a85d-9acfefd6b83c,SQL
a8ae57b9-c262-4ad0-98f1-a1e41d30a290,Data Analysis
b1850eb8-5f90-4c87-aedc-017e1df05d18,Python
4795cd1d-668d-4c8b-9ab5-1d555d75c03c,Cloud Computing
0bad4234-3953-40c0-abcd-ce431e7d8f7b,JavaScript
64caa1c7-58e7-4df8-80a2-372108560684,SQL
cbb474a3-3763-4604-be04-8d5ad12b32e6,JavaScript
ecd5afa3-f01a-4097-9ed0-fe5fb3bc5791,Cloud Computing
2ed087d4-57bc-4d3a-90a1-7fe85f642a53,Machine Learning
9b125dfb-2804-435a-b311-65e02c5cce54,JavaScript
df3c5c8a-6510-46d6-8761-0e8384d99451,Machine Learning
8e144e1f-b6b6-415c-852f-e1b1b6b4d8e7,JavaScript
20d120ae-b0f9-48d2-80c0-6d72bf2d57e1,Cloud Computing
077f6e36-1a4d-47db-9e33-bdbcf00d5a65,JavaScript
66414954-c798-4445-86a3-cc71ff2f6883,SQL
fa8a47d6-9d37-45a6-bd8e-880c923ccd64,Python
017f319f-0496-4795-88cc-ddbc6f0d7229,Cloud Computing
2fe12ed8-75fa-4ebe-a4e3-9c20043f1b5f,Cloud Computing
36d5187b-bfdb-410b-b929-1d34db6ea0ba,SQL
f1c2fa18-c2af-46a6-9038-4c0ddbc3f559,Data Analysis
b69415c7-1604-42b7-b424-b79c27b0816b,Data Analysis
4a454398-0993-46ff-9a1e-72b2de6a7c6e,SQL
db107e7f-36fe-40b4-b8cd-9122fc0145e1,Python
bd6aec56-daac-4277-be73-01e9de16a0ea,Cloud Computing
f2193325-c1b1-46bd-ba2b-adf71c894d39,JavaScript
9351a5da-1a93-43f1-8502-76c00abf1903,JavaScript
a3e53892-2540-447b-b84f-cb14f2d31a65,Cloud Computing
f42973f5-d1d1-4e0b-a7e7-a6bdc2a49fd8,Data Analysis
f21f9823-f23b-4efb-8bd1-8d4a4cf41edd,JavaScript
1a85fd69-344c-46cc-bf48-e5f018cc0e29,SQL
d5016ada-189a-435d-aa5f-89ca5bea530d,JavaScript
df85c777-9887-4bfe-8136-9c65ae2ae341,Python
afd0d2f7-e352-4444-af04-af36567c5d44,SQL
a38bbaa4-4fe8-48d8-822c-a6a893daf60d,Cloud Computing
6d130705-279f-41ab-9b49-09b65cbdb682,Machine Learning
8373edf3-dec9-4438-884f-f1a7af481fc0,Python
634d7549-9d9a-40e1-81ef-688b7fc0922e,Cloud Computing
d7131c2e-2001-465b-a6f8-9b87fccc1a7d,SQL
c9ea356a-7abf-4ebf-942c-b1ae19f738cb,Python
0219a9c7-ba23-407a-b03c-1286b71714cd,Cloud Computing
343402ef-44cf-46ba-9302-e6e2387bccda,Data Analysis
a1b7e3d8-76b8-44d3-8959-9bed9d1911a5,Cloud Computing
3eebc04a-9df2-472e-9e82-5aae9d3616a1,SQL
fd1935cc-74ed-460e-bb2d-520ba4f34185,JavaScript
02ed73ce-92a8-4713-b90e-d44b951c25d5,Machine Learning
87f255d6-e7ba-46ac-ab7a-3d1c0cfef683,Machine Learning
cb08b605-f6f6-4488-9620-15f05253b6f7,Python
503b4078-a39c-4ec6-b746-4c02871854c1,Data Analysis
a341441c-3c16-4571-957a-66e5a18af1fd,Data Analysis
f0b6844f-6a73-40b3-acfa-17006790eee0,JavaScript
11740357-8546-4426-af12-0b9ef4fd25b7,Cloud Computing
547c9030-18dd-4aea-83b6-c6ef35c82133,Data Analysis
cfc3845b-1464-4da8-9bf7-fa26e9b89caf,Machine Learning
7b2413e8-005f-4765-975f-310891653dbc,Python
784983ff-97ca-4ef5-b8a4-c19ff105c2d8,Data Analysis
e3caa0c4-3711-42b7-81ea-b1da4496a883,SQL
abfe1fb5-a6c2-4716-b7bd-77509a7650dd,Machine Learning
153d2c6b-1790-434b-8b32-36d6408d5212,Python
2d6c18d0-74c0-4ea3-b7a6-3ca5b08c147d,Cloud Computing
c7f7bda1-bff1-4840-a07e-863f5f32d5d8,SQL
014cc3a1-e5f3-4466-92de-0df8e9ebd446,Machine Learning
d5b6de85-3902-49d9-ba8d-ae42ba54e920,SQL
b33d9c7c-4e73-4dcc-8664-82ee6844a0e3,Cloud Computing
f21f9823-f23b-4efb-8bd1-8d4a4cf41edd,Python
d255a4de-9330-4a83-9208-7e208ede9b46,Data Analysis
3f8bc509-484f-4da6-810e-9d40cc8155da,Cloud Computing
e2fb8d66-a892-4ad4-887f-e19cf7ba19f9,SQL
b139c476-de3c-488b-a6b9-d31a361f6d90,Cloud Computing
96b93974-f587-43c5-999a-e3daaae39bc0,Cloud Computing
33f7d722-e517-48b2-b832-dfc1350b0860,Data Analysis
077d8688-59fe-4c45-abac-7bf82f4ddc9b,Data Analysis
b9163357-4b1b-4f3b-a217-a6df21939b93,Python
07fc584e-a1b2-4627-81d6-7019d97e8d3c,Data Analysis
cea82b7a-1ad4-4c13-9040-89fa890d58e5,Data Analysis
97c75839-1dd2-4b24-8420-c72d8fb8b736,Data Analysis
a8ae57b9-c262-4ad0-98f1-a1e41d30a290,Python
19eef9d6-fdfa-4cb1-82d4-93eb2a7b65de,Machine Learning
708df094-2f64-472f-96e1-a522b2b8d698,Cloud Computing
e0345e68-89fd-411f-ae06-e33a8498a96b,Data Analysis
12e1725b-0b94-42ab-b8e0-c2e1fe7f9299,SQL
c8ebe27a-23a4-470e-9dbc-15c02a7dc57c,Cloud Computing
e5a1c6e4-e188-4146-bc40-a3d4e5eb4549,SQL
cf3a2f8d-57f7-41e3-8add-397642fc7edf,SQL
446f64dd-5abc-46e5-90b1-e3eb409e7a80,Cloud Computing
36a25607-9486-4e3c-bd26-7a937f2382b5,JavaScript
57c850b0-9a73-4d2f-8f05-495e7832b59c,JavaScript
aca65492-95a9-4dd7-bd8f-a26f1f16de17,Machine Learning
4c589a8e-846a-4a71-884a-89b8208fae02,Python
2922ecb0-c8aa-40c8-b057-31fd8916f0b7,Cloud Computing
7d2194cb-bd5a-4112-91b2-2e3c2ede2487,SQL
1b435fdc-41f4-4834-9cf5-d1fccd3a7e73,Cloud Computing
97c75839-1dd2-4b24-8420-c72d8fb8b736,Cloud Computing
1259d654-86ad-4b8e-963b-ca599d8d2752,Machine Learning
12e1725b-0b94-42ab-b8e0-c2e1fe7f9299,Python
d56c478f-b854-4d6a-959f-2b6979a8832f,Cloud Computing
a4331510-ad21-44cc-a9e8-f0d8588309de,Machine Learning
8b2d158a-cd5a-4324-be7c-80e9a1791e93,JavaScript
a341441c-3c16-4571-957a-66e5a18af1fd,Python
42791490-5105-44f9-9909-49aa9bdd3d7a,Data Analysis
c229a415-cb5f-4951-8534-f723c75694ac,Machine Learning
1397b542-5e65-4990-becd-0ded1f08f855,Cloud Computing
960f69fc-f6a6-46ee-8dd7-e05244e7a702,JavaScript
436e3c49-770e-49db-b092-d40143675d58,Cloud Computing
32f9b771-0799-4940-b9ad-de7d0b3d58ad,Cloud Computing
677f7c73-fd9b-4af3-9812-5123984f5a56,JavaScript
103056b7-9e4c-44dd-b864-a47ba43447fb,Data Analysis
1b435fdc-41f4-4834-9cf5-d1fccd3a7e73,Data Analysis
ee28b2f4-4a76-40ea-8b6b-99445e4908c8,Python
8ec46aab-aefb-4b37-a50e-e5e70e77b689,Machine Learning
49c3f48b-f881-4f18-9f34-fd6c7bf75b57,SQL
7f660f24-1987-4a42-a675-835a2ad9c360,Python
7d169638-658a-4377-bda8-b37a1e69d7ef,Python
4fe54745-5827-4e80-a082-1918b18ad67d,Data Analysis
e8410a39-f901-4b9c-a057-153a4067f790,Python
9e32f085-b24f-42b9-8a08-41de3360d115,Machine Learning
df42eabd-604f-4c8d-961a-9968230a37e5,SQL
e900b66f-6083-4f88-97dd-a51ea4dc4d4e,Data Analysis
1d4e2772-401f-45a6-9ca5-b74f0fda6ca4,Python
6334db06-52ac-4e30-91c8-10ef802643c4,JavaScript
2837f418-6f27-41b9-a3c6-dedb9b792afa,Machine Learning
af4847f0-68bd-475b-beb6-581ea72f947d,JavaScript
794febef-f962-47e5-9b07-8b1118969587,JavaScript
6e310234-c410-4108-8256-83894cb34663,Data Analysis
17db4c2f-1e15-4e2f-809c-2ebe80da2ed7,Machine Learning
4cb9be7b-2444-4f64-b025-985609676569,Python
185df528-b425-4e19-9758-d47ea7cde143,SQL
31d1d6cb-6450-4d3c-8152-1e6050f53bd8,Machine Learning
c8844f88-074a-488f-9231-d2a59f35ba40,Cloud Computing
2ea2daec-fac2-44dd-b2a9-5261cb505aa3,Data Analysis
400945ce-932c-4ec9-8b1b-8effd02a6cbb,Machine Learning
11740357-8546-4426-af12-0b9ef4fd25b7,Data Analysis
677f7c73-fd9b-4af3-9812-5123984f5a56,Cloud Computing
6d658f44-6928-4f38-a469-db2c1e8343bf,Cloud Computing
73deaa56-55ee-4366-bc76-b752cdcbe818,Data Analysis
c7f7bda1-bff1-4840-a07e-863f5f32d5d8,Cloud Computing
9e2383d0-7491-4c14-a30b-669c1c405045,Cloud Computing
c572aa5b-51d4-4f72-ac77-8135fad76ab7,SQL
e3c7ca9a-edab-4dab-bdcc-c026a7df30b2,JavaScript
f7fe604f-65f3-4779-b6ee-5cdb2d79a2d1,SQL
772d416d-da05-42fc-9c71-a82122f1c32b,Data Analysis
64caa1c7-58e7-4df8-80a2-372108560684,Python
82c901df-5fd2-49bc-8e67-3bc844016c6f,Python
18ecde2b-0a80-4167-b4b3-f20eaed0fb57,JavaScript
a762b59c-ce9e-4929-b630-8a601e4182bb,Cloud Computing
aca65492-95a9-4dd7-bd8f-a26f1f16de17,Machine Learning
7c45d65d-b517-48ef-9b21-3e3143c2181f,Python
95b04f8a-d64f-40b5-84d6-b400105dd35c,JavaScript
501ba851-5ee6-4495-b400-29c3ea11905b,JavaScript
9a178669-888e-48e7-86b6-a5f419d45a55,Cloud Computing
5b9a289a-b58d-4c59-abe0-c8c1ae38cf46,SQL
90cc7a42-d660-4275-9b4c-ccb08f881e63,SQL
31c77a44-64f8-4226-8304-81c2f9d09e26,Machine Learning
14570a44-096b-4227-a7bc-7004b4072f12,Machine Learning
5aeb5055-7d69-4580-97a8-510843b93b02,JavaScript
ac367cb9-0273-4e68-a6c5-1969011871cf,Python
3cf88d20-fbad-493f-87a1-ec0234879e41,Cloud Computing
5c311464-82c2-49f0-b487-d7727f0386fa,JavaScript
5983ce94-506a-4dd3-8b31-324f485835db,Machine Learning
53bfa311-9915-4bef-a8c0-ce9b560b63a9,Data Analysis
f3e08b1f-05df-4333-9e36-992f362465c1,Python
86c5547c-051a-4039-b803-dcee9a069295,JavaScript
a5db8ca3-5630-4021-95af-b78379ba19db,SQL
cbb474a3-3763-4604-be04-8d5ad12b32e6,Data Analysis
a33b3dfd-9048-45c6-b820-5aa7996f7e88,Cloud Computing
19dd3b90-8839-48e4-90db-5fdc3d1fd7c0,Python
3bcdf203-459e-4674-b3e7-f042516c3b0a,Python
f2deb798-b31a-45b5-9fec-aa6e88917cf5,JavaScript
1a9b0d42-154f-437d-befa-c198c3d6cd54,Python
1a2bd69c-450f-49ee-82e7-9a985c238d8d,Cloud Computing
3efa528c-34b6-49da-87a9-efafb92ab1b7,Machine Learning
426b2236-e4a0-4521-ab6d-d0aa36cf9429,Python
329245ba-7df6-4c1d-ae49-28ac19f145cc,Machine Learning
13a0181b-cbaf-4542-98e9-bbad35b1773c,Python
d109ffe5-13c3-4c1b-977a-80b89ae6befe,Data Analysis
3bcdf203-459e-4674-b3e7-f042516c3b0a,Data Analysis
280906a9-52e2-4a8e-a793-b627ac00cd5e,Machine Learning
e0d96670-7606-4a34-91d6-9f1125693e13,JavaScript
8c466308-3e62-4981-9ef1-a74f3d134526,Python
9e6ea7d7-076f-4b07-a2ec-377a305a1bef,Cloud Computing
b366ffd1-ae4d-4a19-a2c2-aa2466e9a80e,Data Analysis
e48623dd-6f8e-4978-9021-71bd8458526b,SQL
d3520a91-4873-4252-b7a2-a1800a7be6e7,Data Analysis
5f269466-54d1-432a-a308-2ddcc9c04b7d,JavaScript
8f5242d3-54bb-4cf8-a8fe-a7618d49fe3f,Data Analysis
1ddb4f15-1eb8-4863-82f8-60445e08e249,JavaScript
8b0e8eb1-ad37-4d9e-92cf-60211f33242d,Machine Learning
1b552618-e57e-42d3-a3dd-e733b225574e,Machine Learning
0f6da751-7e9e-4b8a-b8c5-9ac6133ca9cf,SQL
fa8a47d6-9d37-45a6-bd8e-880c923ccd64,Machine Learning
282f0aa6-730f-4b28-acaf-549ed37dcef3,Python
f4be28b4-4cd7-46f7-833e-cd2c276e1d67,Python
deeff82a-0dd7-4158-a9c1-65ae4c610ae8,Cloud Computing
bfc46c0e-acdf-40ff-85ed-3982760b3673,Machine Learning
ab196705-764f-4842-b955-3aadb5e0bcbf,SQL
e7773701-f787-4461-a62c-4f006c2d1b96,Data Analysis
7bdac670-ca4c-4b4d-bc8a-de6a9051385e,SQL
39ee80ab-46c9-47e0-90c5-9550f69a0539,Machine Learning
1d82e2a8-1d48-4843-a339-8f8e120de24a,Cloud Computing
e8334da5-de95-4695-b579-c1437ab99428,Data Analysis
08252b39-1947-4a42-b10d-c9d17c413a2a,Cloud Computing
f05ff9c3-9f69-4cde-beaa-7a911defd401,JavaScript
ab09ec62-8e46-4d8b-b555-d6ee40571cf3,SQL
ff46d9d3-f279-4e8b-b195-fa9f3afd099e,Data Analysis
2d6c18d0-74c0-4ea3-b7a6-3ca5b08c147d,Machine Learning
730bc657-b4cb-4613-9d39-e9c217584f23,Cloud Computing
29b67b14-354e-45ec-9a33-562c054046cc,Cloud Computing
91f448bb-2880-4cff-a035-d9af4a68bbad,JavaScript
45e526e1-9b55-4178-8353-9b9aebeb9d98,Python
3a24ec19-0292-4d3d-96af-a28a178cb5a0,Data Analysis
bf4d4bd8-7222-4838-85cf-dce6e7b4dcd3,Machine Learning
380bd4cb-18b6-46f8-8ba0-768a7b2021f7,JavaScript
397a4dc8-1c31-49b9-bda2-f9a02b6838e3,Cloud Computing
df85c777-9887-4bfe-8136-9c65ae2ae341,SQL
b366ffd1-ae4d-4a19-a2c2-aa2466e9a80e,Python
5d4f7107-911d-4c79-90c8-042027035b27,Cloud Computing
cd2e6c8b-2436-48de-840c-fbdecaf91924,Python
5d696bc8-dc54-459b-86bb-42c7d8b2f8b6,JavaScript
f443864c-6269-4a44-80d8-c04639d11950,Data Analysis
5bed83be-136d-4cce-a535-f9d743fffdea,Data Analysis
fe731856-f1fc-4c36-aad3-cc4096d26487,SQL
8127a367-f822-43b6-8b28-f9c6e4a7ad11,SQL
1ef8aca7-898f-4586-b74a-3db6e223afc0,SQL
aad9e93d-c3d0-4de3-8fbb-a84a80b57013,Data Analysis
db00ab4c-91e5-4e86-aefe-02c34276bfe1,SQL
0219a9c7-ba23-407a-b03c-1286b71714cd,Machine Learning
36a25607-9486-4e3c-bd26-7a937f2382b5,SQL
8de58a88-6a93-416a-a2bc-a1044001570a,JavaScript
014cc3a1-e5f3-4466-92de-0df8e9ebd446,Python
6334db06-52ac-4e30-91c8-10ef802643c4,Machine Learning
6d820335-f3de-49dc-869c-558b496d036a,Cloud Computing
a7954d2b-9296-41b0-8d59-79bf9ef63a80,Machine Learning
2ea2daec-fac2-44dd-b2a9-5261cb505aa3,JavaScript
b37bdb99-31f1-4f8b-ac4d-e885b245b7d9,Machine Learning
ff79f0f4-af64-4572-83d7-cafc7f702973,Data Analysis
6b9c7e6b-e495-4ebb-97c8-ccb8af376fbe,Cloud Computing
426b2236-e4a0-4521-ab6d-d0aa36cf9429,JavaScript
e0345e68-89fd-411f-ae06-e33a8498a96b,Machine Learning
0041f5d4-9549-4631-b94c-eef2f833dfa7,SQL
979c30cf-3326-4887-9058-81dfee9bf3e1,Data Analysis
3618187c-37e2-4c86-a54f-da3118d3ab67,Machine Learning
16daa8f5-be8e-466f-b4d0-91d15c02f1da,Data Analysis
5b9559d0-2887-4d02-bb54-35ba0255b13b,Machine Learning
24a0aaad-b436-48fb-b21e-afabf64909e8,Data Analysis
7ea7eded-cca0-452e-bbcb-4db69a51ec62,Data Analysis
5983ce94-506a-4dd3-8b31-324f485835db,Python
a82a1132-85eb-4279-a51c-21fdefda849e,SQL
3bcdf203-459e-4674-b3e7-f042516c3b0a,Machine Learning
0219a9c7-ba23-407a-b03c-1286b71714cd,Data Analysis
46340607-f260-43ed-82de-c88fdb6f3ad4,SQL
731da6ec-6303-4bd4-9db5-64b5af8422cc,JavaScript
038d5f5a-2296-43f6-a005-dd7e166f419a,Machine Learning
bb635ff5-2931-4971-a01e-0211e34f76b4,Python
a7698b2d-f1ab-47a0-8d59-1b8c23627835,Python
9fe7e068-d847-460b-8331-d7115de22a7d,Python
18f23999-9410-4438-b82e-5e1ba3900655,Machine Learning
be2de8c8-9fe3-4824-b9d3-a9cfcdfa76af,SQL
d96688c9-8623-481e-8224-da50bd10f69f,JavaScript
dafc3805-7f64-45de-b569-9aef03200c4e,SQL
36d5187b-bfdb-410b-b929-1d34db6ea0ba,Machine Learning
f168c605-ce1a-4669-9bbc-6cbc409ca8f2,Cloud Computing
6ef1d60c-09d1-411f-acbb-1aace46bf89a,JavaScript
b139c476-de3c-488b-a6b9-d31a361f6d90,Python
1b912adc-8333-44f6-aa6a-01490b44676d,Data Analysis
b30269aa-6cfa-4ecc-9ae4-27cfebd5c149,SQL
11740357-8546-4426-af12-0b9ef4fd25b7,Machine Learning
d743b5a8-9e15-4bcc-a6d1-37f60659010a,SQL
7fb9ae49-0222-4c10-b82f-2dc31c35730b,JavaScript
1a31c87e-904c-41a1-834f-e1332da6b974,Machine Learning
5b24bb54-f9ad-47ae-8ea7-61a69c5dfb8d,JavaScript
6ffcc6e5-461e-44a3-b2fb-094a7d296f9c,Python
5ef361c2-abd7-43f1-a50a-d9aafa3f012e,Data Analysis
c4f4b844-46c1-42a5-bec8-8839ec35c3de,Python
2ba17f78-362e-47d4-be4c-943a3dabba61,Data Analysis
cd2e6c8b-2436-48de-840c-fbdecaf91924,Machine Learning
beaad00d-d4fe-4f58-a1f8-75a48a4b4559,Cloud Computing
3768d6aa-fd34-421e-bb59-475ec88a9a74,Data Analysis
16acb78e-1a61-4efe-85d8-cc0839819354,SQL
53bfa311-9915-4bef-a8c0-ce9b560b63a9,Data Analysis
634d7549-9d9a-40e1-81ef-688b7fc0922e,SQL
f6f24d1c-5bb8-49c8-8932-59f31ee89a4c,JavaScript
45655d2d-fdb2-49e5-ac9d-da2629cd4d5c,Machine Learning
cb08b605-f6f6-4488-9620-15f05253b6f7,JavaScript
5570cefc-9327-4b56-885b-841f7df45531,Machine Learning
7ea7eded-cca0-452e-bbcb-4db69a51ec62,Cloud Computing
13893a70-a02c-4ed2-b58f-41b07c8c65ab,Python
ba902275-c72b-42e8-9bcf-e969473fb005,SQL
f429c05d-34b1-4488-8b4a-1b4b2a683e18,Python
f18c5581-3c9b-4b84-8b4a-ddc685096c78,JavaScript
1d82e2a8-1d48-4843-a339-8f8e120de24a,JavaScript
98d54b7e-c08b-4631-bd57-ee2733daefc1,SQL
8921349f-eccb-453b-8d22-7ff2635fa3f3,JavaScript
ccd7608f-3adc-438c-b380-46efad4a2b3c,SQL
a8e7ebe3-cb05-4a14-8865-1a6e1b99eb83,Data Analysis
e648d7ae-7830-4c6c-b9eb-17974fb9ef37,Cloud Computing
b8663c7c-a92d-4f4f-b6f3-ba5018302082,Machine Learning
5ef361c2-abd7-43f1-a50a-d9aafa3f012e,SQL
a94c8612-5e9b-4593-9257-06d0fd9c635d,Machine Learning
99bd6240-a853-4961-a32d-03021a82833c,Data Analysis
9b125dfb-2804-435a-b311-65e02c5cce54,Machine Learning
ca79bb30-6d70-481b-9264-7c6f060fd3b6,Cloud Computing
8ef90060-1545-4c64-bd92-29527ecb002e,Machine Learning
0f037337-b9f6-443b-b238-305621ec4754,Python
37387270-d424-49f3-a18e-44407a70bcf8,Cloud Computing
7762a6bb-6634-4a1b-bc9d-575e40bf5ca2,JavaScript
2d007d05-d66d-4627-a1da-ce6a6afa828c,SQL
7762a6bb-6634-4a1b-bc9d-575e40bf5ca2,JavaScript
0c2ca7fa-e525-4eaf-91e1-17993f39562d,JavaScript
36fce0ac-b469-4db3-8123-a348638abdf6,Python
80469354-f822-48a7-9306-e664c5857b6b,Machine Learning
cfd42949-e33e-4976-9862-5813b28d7506,SQL
979c30cf-3326-4887-9058-81dfee9bf3e1,JavaScript
a0b3da83-f002-4577-a4f3-64d5b6f31d02,SQL
c055b921-635b-4f49-8234-83a82adcecb5,Machine Learning
cd32e712-0c76-4092-9cff-d7b6361c2373,Machine Learning
0f037337-b9f6-443b-b238-305621ec4754,Data Analysis
15668483-c526-4dc8-bf93-672421d67c73,Data Analysis
ead18464-ca8e-458c-90f8-1063889fe107,Data Analysis
62794a6e-61f1-4c98-9cde-adc804d340e8,JavaScript
04056d2b-a5fc-4671-925d-f20602f865f8,Machine Learning
df5864d5-1165-4b1e-9b9f-acdeb409b855,Cloud Computing
0f6da751-7e9e-4b8a-b8c5-9ac6133ca9cf,Machine Learning
4b87959f-f0cd-4f05-aa87-855ea38295d3,SQL
47d1931c-f9f2-49ab-bd77-71f8a948ec66,Machine Learning
6efe2368-84c4-4de1-be5d-a21a9b81b898,Machine Learning
3625fc20-47e3-41c2-a4ba-e8bf83b8fa05,Machine Learning
db029414-48e2-4a53-8954-105b89485754,Data Analysis
9cf65e33-4b5f-474b-ac26-7b562a9edda7,Data Analysis
74bd0c93-8177-4661-b7fe-032c02571851,SQL
244cb9a8-6ed4-4a6d-87c9-daacb5d34f2f,SQL
891f6912-17ab-4863-9efe-ef4fd8ddbbc0,Cloud Computing
23900c1d-d129-4d13-b7b5-67b4172d2bd0,Python
5d4f7107-911d-4c79-90c8-042027035b27,Data Analysis
0219a9c7-ba23-407a-b03c-1286b71714cd,JavaScript
c8844f88-074a-488f-9231-d2a59f35ba40,Python
c8c6a8b1-93b1-4e1d-a1a6-1f321e4dacd6,JavaScript
663ab809-bb1f-4b98-af5a-181ab1caa64c,Cloud Computing
29debccc-429e-49bd-b862-246c092e44b7,SQL
79fc3831-ee9a-41b5-ae58-d695e15ab8f3,Machine Learning
375fdd57-2700-460b-82ce-56bd8301b3a6,Data Analysis
217244cf-0808-4d21-8d20-4cf6553a2bad,SQL
e0345e68-89fd-411f-ae06-e33a8498a96b,JavaScript
979c30cf-3326-4887-9058-81dfee9bf3e1,Machine Learning
df5864d5-1165-4b1e-9b9f-acdeb409b855,Data Analysis
397a4dc8-1c31-49b9-bda2-f9a02b6838e3,JavaScript
5c0a1feb-f7ea-466e-8a6c-af9b09697101,SQL
e28070d1-40d1-4c31-9a26-a06516214bd0,JavaScript
dc0db266-0e29-4d9a-8518-bd4dc840789b,JavaScript
49ed6369-ee86-4beb-83dd-1d6a18fc9899,Python
e3caa0c4-3711-42b7-81ea-b1da4496a883,Python
32b9c542-d143-40a2-9513-b74f4ffc1c54,Python
5b619ebe-d03c-4c2c-bc37-49b1b48b9a8c,Cloud Computing
6ffcc6e5-461e-44a3-b2fb-094a7d296f9c,SQL
5c0a1feb-f7ea-466e-8a6c-af9b09697101,Python
8a619e64-caf0-4442-9020-48e6638644e0,Data Analysis
f3e08b1f-05df-4333-9e36-992f362465c1,Cloud Computing
26cfbf51-4435-4e6f-a3f6-bf77aa239ba2,Data Analysis
8a619e64-caf0-4442-9020-48e6638644e0,Python
9e32f085-b24f-42b9-8a08-41de3360d115,Cloud Computing
5d696bc8-dc54-459b-86bb-42c7d8b2f8b6,Machine Learning
f3e08b1f-05df-4333-9e36-992f362465c1,Machine Learning
5b619ebe-d03c-4c2c-bc37-49b1b48b9a8c,Cloud Computing
4fe54745-5827-4e80-a082-1918b18ad67d,Data Analysis
4a454398-0993-46ff-9a1e-72b2de6a7c6e,Cloud Computing
5760c094-7942-400a-8f24-2413d5b65438,Python
5983ce94-506a-4dd3-8b31-324f485835db,Python
6d283989-1271-4873-a4bd-e1a811c7bec9,SQL
570e5af5-f5ff-4705-9a74-a05688dd44cc,Python
2ea2daec-fac2-44dd-b2a9-5261cb505aa3,Python
df3c5c8a-6510-46d6-8761-0e8384d99451,JavaScript
f3981e9e-7cb8-42a0-94a1-eab0b9c037aa,SQL
73deaa56-55ee-4366-bc76-b752cdcbe818,Data Analysis
cd32e712-0c76-4092-9cff-d7b6361c2373,SQL
6ab1cdb6-1da4-46fe-b093-70850c5921f8,JavaScript
c6807bb4-81c9-44a0-ad6a-e39fb5604484,JavaScript
af4847f0-68bd-475b-beb6-581ea72f947d,Python
c356dee2-517f-4316-a0e5-886663380b42,JavaScript
d5767137-d456-429d-91c6-31cf4b7a123e,Machine Learning
61603399-d307-4198-bc3e-b4029ba14c35,JavaScript
a091e5b4-d293-4e6e-bf4d-093033b0fb53,JavaScript
7d14190d-3fc4-44d0-91d5-0a53d035dd19,SQL
49c3f48b-f881-4f18-9f34-fd6c7bf75b57,Cloud Computing
188854db-66d4-4394-a1a7-1114d994f7ba,Machine Learning
2ef634f2-a8b9-4820-a92c-5b92627967a3,Machine Learning
3a4fece7-537d-46c6-9c31-aaf3c76aec88,JavaScript
beaad00d-d4fe-4f58-a1f8-75a48a4b4559,Data Analysis
38491ecc-8891-47fd-a804-d0ac795741bb,JavaScript
c42f7d59-2bfa-4a2d-9afb-f99753528440,JavaScript
72d35458-61ea-4f30-a42e-707afe2bd987,SQL
6e310234-c410-4108-8256-83894cb34663,Python
504b9abb-a414-45de-ac61-3d5c8af41753,Machine Learning
e48623dd-6f8e-4978-9021-71bd8458526b,Cloud Computing
244cb9a8-6ed4-4a6d-87c9-daacb5d34f2f,Machine Learning
c7f7bda1-bff1-4840-a07e-863f5f32d5d8,Python
5eeefb7f-b8a3-4c0c-8486-66971c1d73b3,SQL
36c21bc3-d799-480d-9afa-3fb4e21f0167,Machine Learning
c4615234-8044-4eb2-b66e-dbf4a0ea0251,JavaScript
33ca9a6b-ccd3-4f7c-af1d-cfb88a962a11,Data Analysis
4b7d3b08-ac5b-4e79-b09a-d1abb68c55b2,Data Analysis
1f8cedcd-c91c-4aae-a5e0-ecfdb96ca7ff,Machine Learning
188854db-66d4-4394-a1a7-1114d994f7ba,JavaScript
8c1046bf-24b3-4794-a93d-b7fa8e8ded45,Machine Learning
584cb0f7-48de-48be-831e-ef965f71dcc4,JavaScript
7321a8b2-0840-405a-bfd2-f491dff389aa,Python
4799c04b-f719-45ae-bb00-84fa3822b51b,JavaScript
e504d1c6-4312-453d-884f-7f7c244f52f4,Machine Learning
577c9717-836a-4887-8a5a-269817cb67b8,SQL
400945ce-932c-4ec9-8b1b-8effd02a6cbb,Python
296be903-4e09-4596-ab45-eaf07ad30e2a,Machine Learning
08252b39-1947-4a42-b10d-c9d17c413a2a,SQL
2fe12ed8-75fa-4ebe-a4e3-9c20043f1b5f,Python
49d2cac0-2dc6-4c90-a5df-c7af6403c4bc,JavaScript
ca5edf38-2743-4b53-86b8-1c8a03f9c74d,Python
fc48f615-83b0-435c-9ba6-fdf8f3d04ffb,Data Analysis
b8663c7c-a92d-4f4f-b6f3-ba5018302082,Python
3a4317a1-352d-4d78-8f94-db384d81bc5e,Data Analysis
e48623dd-6f8e-4978-9021-71bd8458526b,SQL
2837f418-6f27-41b9-a3c6-dedb9b792afa,Data Analysis
2ca26887-bb21-48c4-a318-8a65496fe308,Python
a5db8ca3-5630-4021-95af-b78379ba19db,JavaScript
077f6e36-1a4d-47db-9e33-bdbcf00d5a65,Machine Learning
f4be28b4-4cd7-46f7-833e-cd2c276e1d67,Data Analysis
a5e65ec4-6a36-4425-ba41-dd2ecab21438,Machine Learning
13893a70-a02c-4ed2-b58f-41b07c8c65ab,Data Analysis
f6f24d1c-5bb8-49c8-8932-59f31ee89a4c,Data Analysis
36a25607-9486-4e3c-bd26-7a937f2382b5,Cloud Computing
709de505-046b-46f9-b675-1903719d722f,Cloud Computing
e473b0b0-9017-44a8-8279-d9137afd2923,JavaScript
33f7d722-e517-48b2-b832-dfc1350b0860,Data Analysis
ecba0cb1-fdb9-4dc1-ba8b-737a31b5276f,Python
23d13c7f-1161-4b5e-ad4c-8325105a4d40,Data Analysis
c968e8ee-4663-41a1-84db-73f3f65e52fd,Cloud Computing
60042231-36c3-4e85-8bae-295e902a405c,JavaScript
850cddfd-1c3d-4e19-b745-55601fa54251,JavaScript
52fc6f48-e7e3-47c4-ad44-1085502426c6,Machine Learning
91f448bb-2880-4cff-a035-d9af4a68bbad,SQL
f2cffcae-f833-4bfb-a296-e3f171e15b9f,Python
fc257ff1-8fb3-4b07-bc8d-c9d0a1a262d0,Cloud Computing
34cb7b9a-9338-42b3-a0fa-15b70a054950,Python
b38adf82-6e02-4a88-a00f-8ed9b2086418,Data Analysis
2922ecb0-c8aa-40c8-b057-31fd8916f0b7,JavaScript
a0b3da83-f002-4577-a4f3-64d5b6f31d02,Cloud Computing
5eeefb7f-b8a3-4c0c-8486-66971c1d73b3,Machine Learning
af2f32a7-20b6-443c-bbf3-a106260b13e0,Data Analysis
d0290d6b-ebe5-4cc4-88d5-7cf77a4c38ef,Machine Learning
fa9f4841-e156-4c60-9205-e9cc275759a0,SQL
d3ff0631-22dc-406c-8c85-328e5502ec67,SQL
5570cefc-9327-4b56-885b-841f7df45531,Data Analysis
667139de-7c0a-4f90-9b54-d2273bca7ff6,JavaScript
34ecb64f-7eca-4b2d-b41f-ab4ab6caf840,Data Analysis
b4157cea-0738-4ba4-9770-a3dbe9fa97e2,Cloud Computing
61fe800a-b636-4c4c-9170-ca8aa00e0b60,SQL
46340607-f260-43ed-82de-c88fdb6f3ad4,Machine Learning
09bc6a80-3a88-4bed-9c85-25101bfdf626,Data Analysis
436e3c49-770e-49db-b092-d40143675d58,Cloud Computing
4795cd1d-668d-4c8b-9ab5-1d555d75c03c,SQL
501ba851-5ee6-4495-b400-29c3ea11905b,Cloud Computing
869d4cb7-b7f5-455a-839d-08d01e0aaf12,JavaScript
bf95ff33-cdea-4f52-b7d7-cab335b33f54,SQL
09912f46-4ce6-428b-a46a-cc9a98611260,SQL
6334db06-52ac-4e30-91c8-10ef802643c4,SQL
02ac1c61-c9ea-45b9-ab59-97f2c447ee3f,Data Analysis
e7773701-f787-4461-a62c-4f006c2d1b96,Data Analysis
812fdd98-b777-4609-9b57-6a7fc8ecb641,SQL
108d692f-6fa9-457c-974f-e6687f441add,Data Analysis
50e96888-7273-4e7b-bf9a-d277db496e6d,SQL
a51581ba-d206-499a-a872-443469b6175e,JavaScript
cb08b605-f6f6-4488-9620-15f05253b6f7,Python
cdd7f460-6140-47d3-9ec4-ea48d773f98d,SQL
4cdaebf4-98f9-4fb4-b2a4-3bf402b49d26,Cloud Computing
1259d654-86ad-4b8e-963b-ca599d8d2752,SQL
2ee94ed9-a0c6-4223-8435-9252319dd940,SQL
d1263905-de99-4ecd-a0f3-547030104525,SQL
716728ee-f175-4208-ae29-23866e896265,JavaScript
c229a415-cb5f-4951-8534-f723c75694ac,JavaScript
505ec9d6-4c32-40a2-b452-2738e07309de,Cloud Computing
063fec11-446c-40d6-8d4c-01b333e40ea9,Cloud Computing
8d5a9549-34f3-4b8e-9891-e25c2418c7fd,SQL
24caf1b8-394a-47fd-b28b-f8463b504fda,SQL
ff310f21-c87b-47d9-98bc-e5e4d282d54d,JavaScript
53bfa311-9915-4bef-a8c0-ce9b560b63a9,SQL
9203c5d2-351d-4137-9518-5b7230accfda,Data Analysis
07fc584e-a1b2-4627-81d6-7019d97e8d3c,SQL
54cd67b4-d67f-417d-9aa0-3078cdbe6de6,Cloud Computing
4bb88157-07f6-408e-8426-fe7b060476dd,Python
1976a39a-507a-41a9-9d8f-eee1e12c6678,SQL
702ba49f-18fd-42b9-b9e5-c9aa592a3549,SQL
730bc657-b4cb-4613-9d39-e9c217584f23,Data Analysis
d61a080a-3fec-4a37-95be-a8dc33e88249,Machine Learning
bec51040-7790-4ddf-8b58-9ceba6e486bf,Machine Learning
7f3ef59b-1638-4137-a9f3-5b2d4580dac2,Data Analysis
7a768555-a987-4218-bf84-faef5336723b,Machine Learning
188854db-66d4-4394-a1a7-1114d994f7ba,Cloud Computing
59e110eb-1f09-4b9d-a969-29b20513eda8,SQL
ab196705-764f-4842-b955-3aadb5e0bcbf,SQL
b33d9c7c-4e73-4dcc-8664-82ee6844a0e3,Python
5ca59057-9e71-4a56-987e-bca4fa0f01a4,SQL
6a4989a6-8ee2-4e54-bfcb-33888ef4d74b,Python
34cb7b9a-9338-42b3-a0fa-15b70a054950,Data Analysis
c7f7bda1-bff1-4840-a07e-863f5f32d5d8,Cloud Computing
70fbb28e-0d9b-43b5-956f-f3c182077e01,Cloud Computing
b9567731-8a4c-4e1f-81af-eb2a62c8c3f4,Cloud Computing
186b2880-ab54-4a15-a69d-01ff1634725b,Data Analysis
302b0401-efed-498b-979a-7368bd96bb0a,Python
e8c0563d-258a-4c6b-b205-da82a9f3531b,Python
a3aa1839-bc35-4c9a-921a-21a4254c5028,Machine Learning
195efd72-117e-494e-91fa-f1c78141bb37,Python
02ac1c61-c9ea-45b9-ab59-97f2c447ee3f,Python
fd1935cc-74ed-460e-bb2d-520ba4f34185,JavaScript
d4176230-5274-4e11-b61d-f906257035db,JavaScript
303c1503-d4e2-4134-b89a-e4fd80ddb386,JavaScript
c8c6a8b1-93b1-4e1d-a1a6-1f321e4dacd6,Data Analysis
aca65492-95a9-4dd7-bd8f-a26f1f16de17,Cloud Computing
4f2da233-0e16-4b12-9bdc-70d19cbf7b8c,SQL
504fde7c-746e-49a8-9817-dac57fb8b6c6,SQL
1adba8cf-e60c-4638-94a5-a81e6b382a0a,Machine Learning
41a64fed-a7ed-48d8-b13f-8f8cec8be537,Data Analysis
16965a15-acac-4b18-be88-64abfa27a8f8,JavaScript
cc650374-91e2-4c1e-bb89-5644549dd3b5,Python
42791490-5105-44f9-9909-49aa9bdd3d7a,SQL
cd9b79fd-a04c-47f6-abb4-71577ec469d8,SQL
64caa1c7-58e7-4df8-80a2-372108560684,JavaScript
f32d2812-121d-47ac-bb26-7d27588955c0,Data Analysis
89c9c0f3-9dcc-41b0-9a0f-df6155718266,SQL
cfcae6b9-75a8-41d7-ab5e-ebe91478e20e,SQL
a5044925-fffc-4f63-bbf3-f8f5624b31d7,JavaScript
6fb138c2-c350-4f4f-b1b8-f079299094c0,JavaScript
61eaaa65-a1d7-40ea-8704-e80ea2466cd7,SQL
922913f1-00f3-4866-b026-0bb173f1df26,Machine Learning
605a34f5-d012-4e91-b8d7-8cbc5a5ddcc5,Data Analysis
2b24ef63-f6f3-4192-b2da-dc219b7cd539,Data Analysis
3c98fe89-ec6e-45ca-973f-9ac917ee7fc7,Machine Learning
5eeefb7f-b8a3-4c0c-8486-66971c1d73b3,JavaScript
d56c478f-b854-4d6a-959f-2b6979a8832f,Python
8da40d27-457f-4a84-9133-ded481e60c4c,JavaScript
2f1dc121-7d02-4c6d-8bea-75c1b86677aa,JavaScript
41a64fed-a7ed-48d8-b13f-8f8cec8be537,SQL
426b2236-e4a0-4521-ab6d-d0aa36cf9429,Python
af4847f0-68bd-475b-beb6-581ea72f947d,SQL
038d5f5a-2296-43f6-a005-dd7e166f419a,Machine Learning
9ac60306-61f4-4c2b-add9-3719f8d9bf33,Cloud Computing
f1aa9ba0-f838-41c5-8a32-1d2ae55ec749,SQL
df5864d5-1165-4b1e-9b9f-acdeb409b855,Cloud Computing
3d4caf01-2431-41eb-9d9e-17173f086a9e,Python
a8ae57b9-c262-4ad0-98f1-a1e41d30a290,Data Analysis
216aebcf-a616-4de4-b388-300a3e20718a,Machine Learning
60c336eb-5fd6-49e6-85f9-70f75075b7d1,Machine Learning
d972c236-db84-4c06-984d-6427adaad2f9,JavaScript
42b07e31-2f3f-4e11-973a-603d7feb25e2,Data Analysis
3756999b-251a-4f0e-af94-da50e3f713a7,Data Analysis
be15ad12-90ce-47e9-b513-03b9c7de96ea,SQL
a51f4e7c-95e2-491b-9a88-9b20381958f2,JavaScript
ec40d95a-b1ee-4f64-890b-23ed2ae1d0bc,Machine Learning
794f9276-d454-4573-b70f-9392863daa90,Data Analysis
4cdaebf4-98f9-4fb4-b2a4-3bf402b49d26,JavaScript
df223246-e6fb-41d3-bba2-6c214264e318,Python
2b24ef63-f6f3-4192-b2da-dc219b7cd539,SQL
ca087252-e048-42dc-b44d-24421ad74fd4,JavaScript
0722ab3c-18c3-4aa9-a013-5044a041301d,SQL
29b67b14-354e-45ec-9a33-562c054046cc,Cloud Computing
910aa60d-c063-4a98-aa5d-c3def543c14d,Machine Learning
45d3708a-c89f-484f-a568-221b8fd73af9,JavaScript
302dc72b-1366-4d76-82fc-93d9b3ef29d7,SQL
ce920136-ac3a-412f-b65e-6cb58f0d5540,Machine Learning
35b86d0a-864f-46dd-a9ec-09d586eced99,Data Analysis
c968e8ee-4663-41a1-84db-73f3f65e52fd,SQL
db029414-48e2-4a53-8954-105b89485754,Cloud Computing
a2e25753-56ff-4b3e-b80c-fd3dba6a741c,Python
43355860-e84e-4da0-9402-2243ec35fb0c,JavaScript
a67155cd-76e9-4fdc-87e4-b3f364ad2b39,Python
974232a6-28a7-4260-83a8-007e1b5d3449,JavaScript
ba902275-c72b-42e8-9bcf-e969473fb005,Machine Learning
f443864c-6269-4a44-80d8-c04639d11950,Cloud Computing
2ef634f2-a8b9-4820-a92c-5b92627967a3,Python
31c77a44-64f8-4226-8304-81c2f9d09e26,Cloud Computing
37387270-d424-49f3-a18e-44407a70bcf8,Data Analysis
47d1931c-f9f2-49ab-bd77-71f8a948ec66,SQL
032a461a-df9b-4c1f-aacb-1f6d7549c9f9,Cloud Computing
08087cc4-0c85-4251-90e9-00ff58578862,SQL
0f6da751-7e9e-4b8a-b8c5-9ac6133ca9cf,Data Analysis
a565cd41-28d1-41db-894b-cc99642830f3,Cloud Computing
3768d6aa-fd34-421e-bb59-475ec88a9a74,JavaScript
acae8af8-9599-4267-b90f-516ddb06f072,Cloud Computing
b989a884-5752-4610-882a-68ff879645b8,Cloud Computing
b9b3c0ee-faf2-4e80-833b-de7861c50cc8,Python
45d3708a-c89f-484f-a568-221b8fd73af9,Cloud Computing
2944e059-bafa-44da-a9e8-fe2a879f22eb,Machine Learning
32b9c542-d143-40a2-9513-b74f4ffc1c54,Cloud Computing
cfcae6b9-75a8-41d7-ab5e-ebe91478e20e,Data Analysis
2b24ef63-f6f3-4192-b2da-dc219b7cd539,JavaScript
9d264599-c4dd-4df5-9aec-56a857311609,Cloud Computing
ca79bb30-6d70-481b-9264-7c6f060fd3b6,Cloud Computing
6fea84f5-79f3-4373-9bab-13ac9863bb20,Python
3efa528c-34b6-49da-87a9-efafb92ab1b7,Python
ce920136-ac3a-412f-b65e-6cb58f0d5540,Python
73deaa56-55ee-4366-bc76-b752cdcbe818,Data Analysis
d96688c9-8623-481e-8224-da50bd10f69f,Data Analysis
8aa6b006-436a-4b9d-91c5-6a004bb13407,SQL
2ab8c610-e7e3-49b8-918d-a4887d5704df,JavaScript
90cc7a42-d660-4275-9b4c-ccb08f881e63,JavaScript
3a4fece7-537d-46c6-9c31-aaf3c76aec88,SQL
0bbf6334-e3ea-4d7f-8219-a845d9eb404c,SQL
5570cefc-9327-4b56-885b-841f7df45531,SQL
5868ffda-60bd-4662-bee0-7bb3e2c350af,Cloud Computing
32b9c542-d143-40a2-9513-b74f4ffc1c54,JavaScript
6319629b-d73e-4bb9-8f9c-a17b8db8dadf,SQL
6319629b-d73e-4bb9-8f9c-a17b8db8dadf,SQL
9e6ea7d7-076f-4b07-a2ec-377a305a1bef,Cloud Computing
ecc38555-2b9b-4ffc-b2db-b2c54518f4c6,Data Analysis
49ed6369-ee86-4beb-83dd-1d6a18fc9899,Cloud Computing
db029414-48e2-4a53-8954-105b89485754,Data Analysis
48454343-ddb4-49dc-b710-6966e0827f76,Data Analysis
8127a367-f822-43b6-8b28-f9c6e4a7ad11,Machine Learning
708df094-2f64-472f-96e1-a522b2b8d698,Cloud Computing
cc96bf43-9850-4072-bf44-cbca1d3ae131,Cloud Computing
197634e5-054b-4fbb-bad8-66baf252f8f9,Python
80520405-fa84-4b5f-ba6e-3743fef97d57,Python
72d35458-61ea-4f30-a42e-707afe2bd987,Machine Learning
c356dee2-517f-4316-a0e5-886663380b42,Machine Learning
d61a080a-3fec-4a37-95be-a8dc33e88249,Data Analysis
1521e825-1177-4dd5-b61b-7e117c192e61,JavaScript
46aaf714-57ba-4888-a3be-b4450e5d8626,Data Analysis
085e0518-2d75-4dd3-b8a1-18df0088ca76,SQL
75175f39-7354-44fb-a44a-0371c5ab4e57,SQL
77f4d7f9-5105-48a9-a94a-48b326932d95,Cloud Computing
c1ef5aef-2a38-446e-928f-234615690641,Cloud Computing
7c73a166-02f7-4979-b466-b319afb144b5,Python
922913f1-00f3-4866-b026-0bb173f1df26,JavaScript
014cc3a1-e5f3-4466-92de-0df8e9ebd446,SQL
3e32b1b4-1b67-4a64-8316-959cce64debe,Data Analysis
f06dca24-7bc6-4121-bb64-a525bc653d94,Python
df3c5c8a-6510-46d6-8761-0e8384d99451,Data Analysis
857f2f3e-61a9-4fb1-9f69-a5609baa0785,Data Analysis
9347f486-2a44-4a88-97f8-5f5bf1e2cce7,Data Analysis
1ddb4f15-1eb8-4863-82f8-60445e08e249,Machine Learning
23d13c7f-1161-4b5e-ad4c-8325105a4d40,Cloud Computing
6b6de0da-542e-4e6a-8200-b972a3e86f41,Cloud Computing
9aebbc3e-a1f7-4157-98f3-4359a60da1aa,SQL
19eef9d6-fdfa-4cb1-82d4-93eb2a7b65de,SQL
3fac4317-16e8-47b0-8552-f3c55f13fb98,JavaScript
9aebbc3e-a1f7-4157-98f3-4359a60da1aa,Data Analysis
7bdac670-ca4c-4b4d-bc8a-de6a9051385e,Data Analysis
302b0401-efed-498b-979a-7368bd96bb0a,Machine Learning
708df094-2f64-472f-96e1-a522b2b8d698,Data Analysis
7bdac670-ca4c-4b4d-bc8a-de6a9051385e,Python
c4615234-8044-4eb2-b66e-dbf4a0ea0251,JavaScript
ee6bcb89-8615-40f6-ab43-db407b9a21c4,Machine Learning
9b125dfb-2804-435a-b311-65e02c5cce54,Data Analysis
3cf88d20-fbad-493f-87a1-ec0234879e41,Data Analysis
0219a9c7-ba23-407a-b03c-1286b71714cd,Data Analysis
1a8709bd-1fc2-4099-8994-96ab6db7fa7e,Python
bec51040-7790-4ddf-8b58-9ceba6e486bf,Data Analysis
d4a8b45a-75d1-4776-94c0-8f6d076451d3,JavaScript
1f69e2b1-d45e-487f-86d4-aba8805f0892,JavaScript
bd4d28c8-b14d-43b0-87f7-040b87184322,Cloud Computing
16daa8f5-be8e-466f-b4d0-91d15c02f1da,Cloud Computing
c1ef5aef-2a38-446e-928f-234615690641,Python
66d29752-5097-4843-969b-111f15b4066e,Machine Learning
1cab87e2-823c-494a-815a-53c17a5cd426,Data Analysis
b0e8b2fa-4fc3-4759-9924-48ee7ac1b4f9,Cloud Computing
ca087252-e048-42dc-b44d-24421ad74fd4,Data Analysis
a8d99292-4a85-4443-bba8-78d934b55b86,Cloud Computing
cc502a89-8a08-440e-a239-5ad5af1f798c,Cloud Computing
90cc7a42-d660-4275-9b4c-ccb08f881e63,JavaScript
1a9b0d42-154f-437d-befa-c198c3d6cd54,Data Analysis
3ebb527c-1438-4799-a42a-c30f5d80a53b,SQL
14852949-8bf6-40ea-a244-496ab88e33d1,Machine Learning
46340607-f260-43ed-82de-c88fdb6f3ad4,Cloud Computing
79fc3831-ee9a-41b5-ae58-d695e15ab8f3,JavaScript
38491ecc-8891-47fd-a804-d0ac795741bb,SQL
a08262df-427f-4635-9f7b-8b00d7720330,Machine Learning
b1850eb8-5f90-4c87-aedc-017e1df05d18,Cloud Computing
d3293724-6dfd-471a-b7d7-465d37c3b3c9,Cloud Computing
129543a4-fcc3-4cc7-bd67-eb3e836d2c1f,SQL
db00ab4c-91e5-4e86-aefe-02c34276bfe1,Machine Learning
9b125dfb-2804-435a-b311-65e02c5cce54,JavaScript
f85b6d0a-54b5-4635-bdab-161452150ed8,Machine Learning
4ef03f80-1d91-4e39-9801-4004793bed1b,JavaScript
d2c4c286-5a04-41c9-947d-efcf88cfc53d,Python
44e01371-19fc-4448-85d8-99df113ff40f,Python
3709d7d3-96e1-4645-8ad8-af05199177b9,JavaScript
45e526e1-9b55-4178-8353-9b9aebeb9d98,Cloud Computing
5346405c-f60c-4dd3-9d4e-42f20f14f86c,Python
850cddfd-1c3d-4e19-b745-55601fa54251,JavaScript
0ad33361-7c22-4735-8a95-7c2e65df39cb,Cloud Computing
015a749b-686c-427d-bd59-7efd3d1401de,JavaScript
d2c4c286-5a04-41c9-947d-efcf88cfc53d,Python
bd6aec56-daac-4277-be73-01e9de16a0ea,Python
d0284602-6066-4e51-b76d-71261fda98c9,JavaScript
f2deb798-b31a-45b5-9fec-aa6e88917cf5,Machine Learning
8e144e1f-b6b6-415c-852f-e1b1b6b4d8e7,SQL
a38bbaa4-4fe8-48d8-822c-a6a893daf60d,JavaScript
23226464-ad6d-44ef-94d9-a0ae055fd8d1,Python
e0decc3d-e172-4c83-af5e-4376a723fb72,Machine Learning
af4847f0-68bd-475b-beb6-581ea72f947d,JavaScript
b25c5b50-9794-4389-b7c2-3f279267e7e6,JavaScript
dc409942-a8cf-4936-8e81-b2f02d474c4f,Cloud Computing
108d692f-6fa9-457c-974f-e6687f441add,JavaScript
4ab3c590-f262-4145-a731-660c6149ee42,Cloud Computing
46340607-f260-43ed-82de-c88fdb6f3ad4,SQL
cad04982-ceb2-4a32-b189-727f6a8d8a70,Data Analysis
d4176230-5274-4e11-b61d-f906257035db,Python
5c311464-82c2-49f0-b487-d7727f0386fa,JavaScript
f05ff9c3-9f69-4cde-beaa-7a911defd401,Python
8ae3297e-34e2-4142-9a35-447583997ac5,Python
9adfe981-6ab1-4e15-ba92-992e44f8b53c,SQL
9be950c7-147d-4bfc-9eef-0d1e38c5ef5e,Python
a3aa1839-bc35-4c9a-921a-21a4254c5028,Python
8c466308-3e62-4981-9ef1-a74f3d134526,Machine Learning
a565cd41-28d1-41db-894b-cc99642830f3,Cloud Computing
f1c2fa18-c2af-46a6-9038-4c0ddbc3f559,Cloud Computing
b43c6fef-2fb7-49bd-9fe9-27502d28a2a8,Python
e0decc3d-e172-4c83-af5e-4376a723fb72,SQL
34ecb64f-7eca-4b2d-b41f-ab4ab6caf840,SQL
b6f56f1c-c4a5-41cd-b97f-49941f38df55,Cloud Computing
5346405c-f60c-4dd3-9d4e-42f20f14f86c,Cloud Computing
57c850b0-9a73-4d2f-8f05-495e7832b59c,Machine Learning
8cd4e7bc-7d33-4ca2-abcc-e72a1e692c3f,SQL
d46c5776-4db3-4044-a887-6b7f64694f53,Python
e4dc6680-7284-4156-ae8c-a6bf9268b5df,JavaScript
4bb88157-07f6-408e-8426-fe7b060476dd,Machine Learning
8da40d27-457f-4a84-9133-ded481e60c4c,Machine Learning
0c39bd0e-b25d-4530-b12a-b8eb3756b005,Machine Learning
b0921979-0434-48b8-8ffb-c222f51ed666,SQL
960f69fc-f6a6-46ee-8dd7-e05244e7a702,SQL
0649bcf6-ff69-423d-984f-c85b2697384d,Cloud Computing
772d416d-da05-42fc-9c71-a82122f1c32b,Python
38491ecc-8891-47fd-a804-d0ac795741bb,SQL
8cd4e7bc-7d33-4ca2-abcc-e72a1e692c3f,Data Analysis
b2cc4372-6532-43ae-96f7-91ac4cf6a297,Machine Learning
40f7924b-7bd7-44bf-8e0e-abb78f20c5e7,Machine Learning
64e94d6a-858c-4992-882c-4812b3c3c428,Data Analysis
70249792-6578-4d0c-9aec-8b70ac0e7307,Data Analysis
36fce0ac-b469-4db3-8123-a348638abdf6,Cloud Computing
706ad042-ae6b-4455-9cdd-d7c2d25a0b3f,Data Analysis
55b85720-87cd-4444-adba-97542d95d98d,SQL
446f64dd-5abc-46e5-90b1-e3eb409e7a80,Cloud Computing
062e5424-2e44-4349-9122-5311374e5dff,Python
af178dbb-c461-4ac1-92b5-9aa4c07d0001,Machine Learning
6a4989a6-8ee2-4e54-bfcb-33888ef4d74b,Python
17d2efe7-6df5-4a4a-8a8e-9dd260679824,Cloud Computing
df85c777-9887-4bfe-8136-9c65ae2ae341,Cloud Computing
a565cd41-28d1-41db-894b-cc99642830f3,JavaScript
70c0a4f6-1065-4764-b40b-077950640ae6,Machine Learning
2ab8c610-e7e3-49b8-918d-a4887d5704df,Cloud Computing
5b24bb54-f9ad-47ae-8ea7-61a69c5dfb8d,Cloud Computing
d653d4bb-4bfc-40ca-b161-3babd0ef1299,Cloud Computing
8bc15738-ff1b-46a0-a8ec-b6a17233bf8c,JavaScript
a8ae57b9-c262-4ad0-98f1-a1e41d30a290,Python
cf3a2f8d-57f7-41e3-8add-397642fc7edf,SQL
1bbcb748-bb55-4fa3-ae26-651915f87768,Python
963dc8bf-797e-4984-9ed7-d3eff5e4a9c1,SQL
6c5ccba7-b55d-4fc1-a22c-c212b69d2f48,JavaScript
fd397fe7-b819-415d-8f96-8a84a0d44d24,Python
4799c04b-f719-45ae-bb00-84fa3822b51b,Machine Learning
772d416d-da05-42fc-9c71-a82122f1c32b,Python
98069315-ce62-465f-876a-3991aebef7a2,Machine Learning
f42973f5-d1d1-4e0b-a7e7-a6bdc2a49fd8,SQL
71414f58-db8e-435b-bc83-861eddf0a0a2,JavaScript
bd6aec56-daac-4277-be73-01e9de16a0ea,Data Analysis
1ddb4f15-1eb8-4863-82f8-60445e08e249,Python
329245ba-7df6-4c1d-ae49-28ac19f145cc,Machine Learning
13893a70-a02c-4ed2-b58f-41b07c8c65ab,Python
d20cd375-a5d4-43c4-a845-fee9904ada37,Data Analysis
09db40a9-a793-4b81-9d4c-5eb73b906c08,SQL
13893a70-a02c-4ed2-b58f-41b07c8c65ab,Python
de3b5a64-e958-4430-921c-f64348c08457,Machine Learning
d0284602-6066-4e51-b76d-71261fda98c9,Python
b0309415-ef21-4b2c-8143-d636fd54225b,Data Analysis
ab196705-764f-4842-b955-3aadb5e0bcbf,Cloud Computing
0649bcf6-ff69-423d-984f-c85b2697384d,SQL
36d5187b-bfdb-410b-b929-1d34db6ea0ba,JavaScript
fb756923-f910-4bb3-b105-32523990e2c9,SQL
282f0aa6-730f-4b28-acaf-549ed37dcef3,Cloud Computing
d73aae7b-47cc-4a66-a638-d8bef83893a2,Python
11740357-8546-4426-af12-0b9ef4fd25b7,Data Analysis
dac9d4a4-b43b-488c-86f4-34688d78e1c8,Machine Learning
34ecb64f-7eca-4b2d-b41f-ab4ab6caf840,SQL
e0345e68-89fd-411f-ae06-e33a8498a96b,Machine Learning
71414f58-db8e-435b-bc83-861eddf0a0a2,Cloud Computing
fe731856-f1fc-4c36-aad3-cc4096d26487,SQL
70249792-6578-4d0c-9aec-8b70ac0e7307,Cloud Computing
424d9430-b724-49b7-b10b-7fa9e9a0c20d,Cloud Computing
31745b78-c705-4d1e-a3bb-48b6731171a7,Machine Learning
d0290d6b-ebe5-4cc4-88d5-7cf77a4c38ef,SQL
e8e91639-c69a-4024-b706-46025e5ea4cd,Python
38491ecc-8891-47fd-a804-d0ac795741bb,Machine Learning
0a2d36a6-0580-4493-b664-6199ed25459e,Machine Learning
ecd5afa3-f01a-4097-9ed0-fe5fb3bc5791,Data Analysis
c935a278-9645-4ec1-840d-214b3bd54863,Data Analysis
09b4413c-a45c-494a-b452-98c460310461,JavaScript
8a619e64-caf0-4442-9020-48e6638644e0,Cloud Computing
5bed83be-136d-4cce-a535-f9d743fffdea,JavaScript
6c5ccba7-b55d-4fc1-a22c-c212b69d2f48,Cloud Computing
e48623dd-6f8e-4978-9021-71bd8458526b,Machine Learning
df42eabd-604f-4c8d-961a-9968230a37e5,Python
2c3aacdc-aed5-4a46-8bde-005b5d8babd7,Cloud Computing
4151344e-ee98-46b7-8677-098c144a1458,JavaScript
ef303fd0-78d3-4a66-834a-7e17eeced5b3,Python
19eef9d6-fdfa-4cb1-82d4-93eb2a7b65de,Data Analysis
8373edf3-dec9-4438-884f-f1a7af481fc0,Data Analysis
4e336644-c657-40ae-9bd6-7d4d7202fae5,SQL
41a64fed-a7ed-48d8-b13f-8f8cec8be537,Cloud Computing
ee6bcb89-8615-40f6-ab43-db407b9a21c4,Data Analysis
0f037337-b9f6-443b-b238-305621ec4754,Cloud Computing
6fa22f92-90c9-4f00-bb01-1fdd94c0b9e0,Data Analysis
19404d24-eced-4c30-b21d-f83cb46499f4,JavaScript
44f4d74f-c629-4ca6-ad07-67746bc5bcd4,Cloud Computing
09bc6a80-3a88-4bed-9c85-25101bfdf626,Python
44c1f1b5-ebbb-4763-b9a7-e63bbee975da,Cloud Computing
0722ab3c-18c3-4aa9-a013-5044a041301d,SQL
35b86d0a-864f-46dd-a9ec-09d586eced99,Data Analysis
f0f5bdc1-d1ed-43ba-a5c6-5e052ebfaf4c,SQL
1bcb404c-21d8-496a-a2ad-a15760d2759a,JavaScript
446f64dd-5abc-46e5-90b1-e3eb409e7a80,Data Analysis
a632c350-ff71-4ff4-833a-8761618f178a,Python
1ef8aca7-898f-4586-b74a-3db6e223afc0,Cloud Computing
505ec9d6-4c32-40a2-b452-2738e07309de,Data Analysis
4c589a8e-846a-4a71-884a-89b8208fae02,Python
29476f54-973e-429c-b5f0-b1be7aa1219a,JavaScript
0722ab3c-18c3-4aa9-a013-5044a041301d,JavaScript
f346bbe7-9caf-4bfe-bff8-a2c6b79a566b,Cloud Computing
08252b39-1947-4a42-b10d-c9d17c413a2a,Machine Learning
8ec46aab-aefb-4b37-a50e-e5e70e77b689,JavaScript
1a9b0d42-154f-437d-befa-c198c3d6cd54,Data Analysis
8b0e8eb1-ad37-4d9e-92cf-60211f33242d,JavaScript
6538bf11-e676-4b0a-bb9a-3daf6321d753,SQL
3f8bc509-484f-4da6-810e-9d40cc8155da,Cloud Computing
287e4086-a854-427e-9667-3e4981338bdc,Data Analysis
8e144e1f-b6b6-415c-852f-e1b1b6b4d8e7,Data Analysis
98069315-ce62-465f-876a-3991aebef7a2,Data Analysis
51a1f5df-06ac-4010-ae08-69c1453b45fe,Python
f2e3c6f0-0075-43d5-ba94-aa662d7e4a45,Cloud Computing
14570a44-096b-4227-a7bc-7004b4072f12,Machine Learning
d0290d6b-ebe5-4cc4-88d5-7cf77a4c38ef,Cloud Computing
c8613afa-1ae1-4565-b3a8-0aa060ee0cbc,SQL
48f9fd0d-5d3b-41d3-a515-99820dd4c0e6,SQL
4b861f69-b036-49a4-8518-c20bcd5fe3f4,JavaScript
2ab8c610-e7e3-49b8-918d-a4887d5704df,Python
64c40063-ad68-43c6-8cd3-a6a49fc08086,Python
55f8bbb8-c3dc-4b92-b95c-a96d85ee751c,Python
605a34f5-d012-4e91-b8d7-8cbc5a5ddcc5,Cloud Computing
4a454398-0993-46ff-9a1e-72b2de6a7c6e,Cloud Computing
d46c5776-4db3-4044-a887-6b7f64694f53,Machine Learning
197634e5-054b-4fbb-bad8-66baf252f8f9,JavaScript
80469354-f822-48a7-9306-e664c5857b6b,SQL
bc341b4f-fbdc-432e-a546-c66d89b1cad1,SQL
a5e65ec4-6a36-4425-ba41-dd2ecab21438,Data Analysis
b5a4c55b-b462-4214-a23f-f67de9572bc2,SQL
6d2f458d-9237-4145-b2a8-3faaf11a31f5,JavaScript
2d445af8-fc94-46b1-a18b-5d1555273407,JavaScript
568a220d-0843-480a-87ac-a3fea73a366e,Cloud Computing
974232a6-28a7-4260-83a8-007e1b5d3449,Cloud Computing
8cf6e8b8-7fd2-48c3-bee8-2983d5574241,SQL
996e782f-9aee-43e9-aea3-98c6ec677b25,SQL
80520405-fa84-4b5f-ba6e-3743fef97d57,JavaScript
3768d6aa-fd34-421e-bb59-475ec88a9a74,Cloud Computing
fc48f615-83b0-435c-9ba6-fdf8f3d04ffb,Machine Learning
b9b3c0ee-faf2-4e80-833b-de7861c50cc8,JavaScript
584cb0f7-48de-48be-831e-ef965f71dcc4,Python
8921349f-eccb-453b-8d22-7ff2635fa3f3,Data Analysis
565bb785-b8f9-45fc-a959-8983785e02ee,Data Analysis
70c0a4f6-1065-4764-b40b-077950640ae6,JavaScript
c8ebe27a-23a4-470e-9dbc-15c02a7dc57c,Data Analysis
d0284602-6066-4e51-b76d-71261fda98c9,Cloud Computing
424d9430-b724-49b7-b10b-7fa9e9a0c20d,JavaScript
b62e8f02-d7b7-4862-b347-f1d458c6b1c6,Cloud Computing
d2c4c286-5a04-41c9-947d-efcf88cfc53d,Data Analysis
484204d5-2bb9-4661-9884-23547613ef44,Machine Learning
b38adf82-6e02-4a88-a00f-8ed9b2086418,JavaScript
0722ab3c-18c3-4aa9-a013-5044a041301d,JavaScript
d743b5a8-9e15-4bcc-a6d1-37f60659010a,Python
4fe66636-f612-4d2c-ae73-00eb639d8fe7,Cloud Computing
0bad4234-3953-40c0-abcd-ce431e7d8f7b,Machine Learning
8fd7dced-cd65-4328-99fb-ded24da12b02,Cloud Computing
24a0aaad-b436-48fb-b21e-afabf64909e8,Cloud Computing
7886f504-ed75-4b74-b7d0-c829dcf9b680,Machine Learning
3f8bc509-484f-4da6-810e-9d40cc8155da,JavaScript
acae8af8-9599-4267-b90f-516ddb06f072,SQL
3451cf94-ee8b-46d3-8b94-6541d4cae432,Cloud Computing
c8a738ab-0df8-4e12-a56b-61e04ba8a4ca,Python
077f6e36-1a4d-47db-9e33-bdbcf00d5a65,Machine Learning
e0d96670-7606-4a34-91d6-9f1125693e13,JavaScript
d3520a91-4873-4252-b7a2-a1800a7be6e7,Machine Learning
426b2236-e4a0-4521-ab6d-d0aa36cf9429,Cloud Computing
296be903-4e09-4596-ab45-eaf07ad30e2a,Python
4c9df049-5fd2-4ec3-a536-3c77787fb578,Cloud Computing
2ea2daec-fac2-44dd-b2a9-5261cb505aa3,Data Analysis
b38adf82-6e02-4a88-a00f-8ed9b2086418,JavaScript
99d090fd-6928-443e-9492-b51a38283a05,JavaScript
3e32b1b4-1b67-4a64-8316-959cce64debe,Cloud Computing
e3c7ca9a-edab-4dab-bdcc-c026a7df30b2,Cloud Computing
adf792ff-e9c7-413a-8b5a-4d7791fda27f,Cloud Computing
8cd4e7bc-7d33-4ca2-abcc-e72a1e692c3f,JavaScript
ebfbc97a-eefa-4d76-8f67-a174002394e2,SQL
0bad4234-3953-40c0-abcd-ce431e7d8f7b,Machine Learning
0c1b7e93-be16-4e89-9934-7309b72f8d06,SQL
f9d65e8e-fd61-4e15-ae53-719c1a44fca1,Machine Learning
7886f504-ed75-4b74-b7d0-c829dcf9b680,JavaScript
83601fb5-b45b-4ad3-b7d0-eea0211f632b,Machine Learning
e0ee5e8a-b3e6-44c6-9428-df6c89aa4293,SQL
19dd3b90-8839-48e4-90db-5fdc3d1fd7c0,JavaScript
36c21bc3-d799-480d-9afa-3fb4e21f0167,Machine Learning
ccd7608f-3adc-438c-b380-46efad4a2b3c,Machine Learning
2d28746a-5a6d-4285-978f-48ebc9fbe7f1,Data Analysis
108d692f-6fa9-457c-974f-e6687f441add,Data Analysis
b69415c7-1604-42b7-b424-b79c27b0816b,Machine Learning
c3a215ff-a660-404f-b0b6-052fb2c68986,Python
ef303fd0-78d3-4a66-834a-7e17eeced5b3,Machine Learning
b9c6b26b-6401-418d-8078-bc3e50814407,Cloud Computing
436e3c49-770e-49db-b092-d40143675d58,SQL
80469354-f822-48a7-9306-e664c5857b6b,Cloud Computing
2ab18038-03f8-4c7b-b43d-e03ae05c1fb9,Cloud Computing
8373edf3-dec9-4438-884f-f1a7af481fc0,Data Analysis
c83b6467-9c12-47d2-9c4e-7b65c81a5f0f,Data Analysis
8e6b2439-6a1e-4d9a-b05f-052bd682a0b4,Machine Learning
b58f67b6-deda-428b-a232-0dc95bf6f06d,SQL
716728ee-f175-4208-ae29-23866e896265,Machine Learning
12e1725b-0b94-42ab-b8e0-c2e1fe7f9299,JavaScript
edaf3766-1b78-4ede-9a4f-fc0c9165f2ed,JavaScript
bb88854e-7f96-4d71-8182-70d2c3101e2e,Data Analysis
ce31ce5c-213b-4241-83c5-9c143824c62b,Cloud Computing
1a2bd69c-450f-49ee-82e7-9a985c238d8d,Machine Learning
8f5242d3-54bb-4cf8-a8fe-a7618d49fe3f,JavaScript
47d1931c-f9f2-49ab-bd77-71f8a948ec66,SQL
8135f15a-9343-46ea-985a-9548c0ba22a4,JavaScript
7c45d65d-b517-48ef-9b21-3e3143c2181f,SQL
301db817-6673-442d-87af-75de33f92a87,Cloud Computing
b5a4c55b-b462-4214-a23f-f67de9572bc2,JavaScript
9fe7e068-d847-460b-8331-d7115de22a7d,Cloud Computing
3d201440-00cf-444d-9b7d-b566478b640b,SQL
c017466e-85f4-40a2-8be2-7516342c5348,Python
041b4c79-c014-4804-b2de-30977cba8dea,Data Analysis
b58f67b6-deda-428b-a232-0dc95bf6f06d,Data Analysis
d5b5984b-50af-4b53-ac4f-98383b1f3a0d,JavaScript
e3caa0c4-3711-42b7-81ea-b1da4496a883,Python
15ac37f0-0de9-4283-96d5-aed275d106f2,JavaScript
1259d654-86ad-4b8e-963b-ca599d8d2752,Machine Learning
1be00f8e-0c8d-41d2-9673-aefbeb9e54e0,Data Analysis
584cb0f7-48de-48be-831e-ef965f71dcc4,Machine Learning
0722ab3c-18c3-4aa9-a013-5044a041301d,JavaScript
077d8688-59fe-4c45-abac-7bf82f4ddc9b,JavaScript
b58f67b6-deda-428b-a232-0dc95bf6f06d,Cloud Computing
ac367cb9-0273-4e68-a6c5-1969011871cf,Cloud Computing
b1f0b429-d54f-4d02-b976-c6377e9716ad,Data Analysis
9351a5da-1a93-43f1-8502-76c00abf1903,SQL
49fa68d6-c362-440b-9309-0fc52cfc4fb4,SQL
78460474-927c-4ea7-8a15-9e92af74ae63,Python
497dd968-b4b6-4702-a11a-7d790da761fd,JavaScript
53ff8461-2a1f-4b61-a65c-b9d989628f6e,JavaScript
05f30bc5-9642-4052-9379-f2794cb50625,SQL
ca79bb30-6d70-481b-9264-7c6f060fd3b6,Machine Learning
f0f5bdc1-d1ed-43ba-a5c6-5e052ebfaf4c,SQL
7d14190d-3fc4-44d0-91d5-0a53d035dd19,Data Analysis
4151344e-ee98-46b7-8677-098c144a1458,SQL
436e3c49-770e-49db-b092-d40143675d58,Python
708df094-2f64-472f-96e1-a522b2b8d698,Python
c3a215ff-a660-404f-b0b6-052fb2c68986,Machine Learning
36c21bc3-d799-480d-9afa-3fb4e21f0167,Python
c935a278-9645-4ec1-840d-214b3bd54863,Data Analysis
80ce9afc-2ab9-4a52-a85d-9acfefd6b83c,Machine Learning
d3a71b83-97d0-4f8f-affd-d43b2c691f04,SQL
70e68474-8534-4d76-8642-3a80a8c12f22,Machine Learning
0bad4234-3953-40c0-abcd-ce431e7d8f7b,JavaScript
7fdae666-1b31-4321-aa4e-8b0318b6dfc7,Cloud Computing
794f9276-d454-4573-b70f-9392863daa90,Data Analysis
9dc0a8b5-5987-438a-bcd6-c18e2b54500d,Cloud Computing
f2c0a0cf-bf03-48c2-b9ec-958b4d266574,Data Analysis
64c40063-ad68-43c6-8cd3-a6a49fc08086,Python
adf792ff-e9c7-413a-8b5a-4d7791fda27f,Machine Learning
fe67e8e9-0a88-46ca-9dee-4b6d3ce75d1e,Python
329245ba-7df6-4c1d-ae49-28ac19f145cc,Cloud Computing
08252b39-1947-4a42-b10d-c9d17c413a2a,Machine Learning
c1ef5aef-2a38-446e-928f-234615690641,Machine Learning
fe67e8e9-0a88-46ca-9dee-4b6d3ce75d1e,Machine Learning
8a9b7b20-aeb1-4cd3-b836-0a876aa22571,JavaScript
1f8cedcd-c91c-4aae-a5e0-ecfdb96ca7ff,Machine Learning
